Number,Id,Label,Eccentricity,closnesscentrality,harmonicclosnesscentrality,betweenesscentrality,eigencentrality
1481,Wolverine,Wolverine,3,0.629429,0.708057,0.025856,1
236,Captain America (Steve Rogers),Captain America (Steve Rogers),2,0.617587,0.690397,0.032748,0.796631
1283,Storm,Storm,2,0.614821,0.686755,0.036297,0.907934
344,Dazzler,Dazzler,3,0.608135,0.680243,0.016008,0.964491
1135,"Roberto da Costa (Sunspot, Citizen X)","Roberto da Costa (Sunspot, Citizen X)",2,0.599921,0.666556,0.011843,0.887049
133,"Barnell Bohusk (Beak, Blackwing)","Barnell Bohusk (Beak, Blackwing)",3,0.595191,0.668102,0.047523,0.772323
830,Magneto,Magneto,3,0.592622,0.665563,0.026484,0.781618
1153,Sabretooth,Sabretooth,3,0.591229,0.656733,0.011105,0.841529
1262,Spider-Woman,Spider-Woman,3,0.590767,0.657837,0.014273,0.741335
141,Beast,Beast,2,0.588924,0.650993,0.005994,0.844897
762,Laura Kinney (X-23),Laura Kinney (X-23),3,0.588465,0.653422,0.009868,0.835503
240,Captain Marvel (Carol Danvers),Captain Marvel (Carol Danvers),3,0.586864,0.65287,0.008008,0.861005
3,Absorbing Man,Absorbing Man,3,0.58618,0.652097,0.015324,0.658143
489,Firestar,Firestar,3,0.581888,0.643819,0.009564,0.815387
646,Iron Man (Tony Stark),Iron Man (Tony Stark),2,0.581216,0.639735,0.012077,0.652758
1139,Rogue,Rogue,3,0.579877,0.640177,0.003995,0.825083
328,Daimon Hellstrom,Daimon Hellstrom,3,0.578988,0.641501,0.022439,0.521209
235,Cannonball,Cannonball,3,0.576997,0.636534,0.005967,0.811812
616,Hulk,Hulk,2,0.575457,0.631126,0.011047,0.586591
591,Hawkeye,Hawkeye,3,0.575457,0.63532,0.00983,0.604772
79,Angel (Warren Worthington III),Angel (Warren Worthington III),3,0.575238,0.635651,0.007132,0.690676
1315,Taskmaster,Taskmaster,3,0.573055,0.637417,0.012677,0.629978
1290,Sunfire,Sunfire,3,0.571537,0.628477,0.014724,0.729288
620,Human Torch (Johnny Storm),Human Torch (Johnny Storm),3,0.57132,0.627263,0.024693,0.543251
1336,The Thing,The Thing,3,0.570026,0.625717,0.008997,0.562646
954,Namor,Namor,3,0.570026,0.62351,0.007314,0.728121
743,"Kitty Pryde (Shadowcat, Star-Lady)","Kitty Pryde (Shadowcat, Star-Lady)",3,0.567456,0.632119,0.008638,0.750767
175,Black Widow,Black Widow,3,0.567456,0.623068,0.005113,0.577606
1261,Spider-Man,Spider-Man,3,0.564486,0.619757,0.006428,0.718678
1178,Scorpion,Scorpion,3,0.562803,0.627263,0.00943,0.518114
953,Mystique,Mystique,3,0.56113,0.623951,0.005533,0.654572
472,Falcon,Falcon,3,0.560921,0.609934,0.00332,0.545014
346,Deadpool,Deadpool,3,0.558639,0.610044,0.018077,0.53576
167,Black Knight,Black Knight,3,0.557196,0.603974,0.00615,0.488741
237,Captain Britain,Captain Britain,3,0.555965,0.600883,0.005293,0.519205
1061,Prodigy,Prodigy,3,0.55576,0.606071,0.001755,0.700083
1231,Skids,Skids,3,0.555556,0.618985,0.021887,0.557648
1067,Psylocke,Psylocke,3,0.555351,0.616446,0.003826,0.628831
1482,Wonder Man,Wonder Man,3,0.555147,0.601987,0.007075,0.421754
1349,Tigra,Tigra,3,0.554943,0.608057,0.006526,0.530461
294,Colossus,Colossus,3,0.553722,0.606954,0.008768,0.601178
1355,Toad,Toad,3,0.552506,0.612252,0.001868,0.626069
985,Northstar,Northstar,3,0.552304,0.605298,0.008536,0.585115
640,Invisible Woman,Invisible Woman,3,0.552102,0.602097,0.003208,0.51843
807,Luke Cage,Luke Cage,3,0.551901,0.598896,0.009213,0.456364
644,Iron Fist,Iron Fist,3,0.550091,0.595916,0.007961,0.454448
159,Big Bertha,Big Bertha,3,0.550091,0.59415,0.001422,0.587023
494,Flatman,Flatman,3,0.550091,0.59415,0.001422,0.587023
1128,Ricochet,Ricochet,3,0.550091,0.59415,0.001422,0.587023
1457,Whirlwind,Whirlwind,3,0.548891,0.604525,0.018421,0.466374
1419,Victoria Hand,Victoria Hand,3,0.548293,0.59713,0.002049,0.51386
446,Emma Frost,Emma Frost,3,0.547498,0.608389,0.004658,0.618036
657,Jack O'Lantern,Jack O'Lantern,3,0.5473,0.593929,0.004635,0.447119
232,Caliban,Caliban,3,0.547101,0.603532,0.006814,0.56148
706,Juggernaut,Juggernaut,3,0.54631,0.599338,0.011761,0.554994
918,Mockingbird,Mockingbird,3,0.54631,0.593819,0.000969,0.510869
988,Nova (Richard Rider),Nova (Richard Rider),3,0.545915,0.589625,0.038047,0.407845
1280,Stepford Cuckoos,Stepford Cuckoos,3,0.545717,0.603422,0.003719,0.575869
22,Agent Garza,Agent Garza,3,0.545717,0.592826,0.000885,0.509661
647,Iron Patriot,Iron Patriot,3,0.545717,0.592826,0.000885,0.509661
862,Maria Hill,Maria Hill,3,0.545717,0.592826,0.000885,0.509661
967,Nick Fury,Nick Fury,3,0.545717,0.592826,0.000885,0.509661
968,"Nick Fury, Jr","Nick Fury, Jr",3,0.545717,0.592826,0.000885,0.509661
1033,Phil Coulson,Phil Coulson,3,0.545717,0.592826,0.000885,0.509661
1078,Quake,Quake,3,0.545717,0.592826,0.000885,0.509661
1079,Quasar,Quasar,3,0.545717,0.592826,0.000885,0.509661
609,Hobgoblin,Hobgoblin,3,0.545126,0.592715,0.010294,0.428037
785,Loa,Loa,3,0.54434,0.591391,0.001447,0.585816
925,"Monet St. Croix (Penance, M)","Monet St. Croix (Penance, M)",3,0.543557,0.603532,0.00296,0.608641
1155,Sage,Sage,3,0.543361,0.603201,0.00169,0.611174
623,Husk,Husk,3,0.542775,0.602208,0.002299,0.607632
477,Fantomex,Fantomex,3,0.54258,0.602097,0.007339,0.538053
1426,Viper,Viper,3,0.541413,0.602097,0.012442,0.42034
26,Agent H,Agent H,3,0.541413,0.594371,0.003381,0.443077
43,Agent U,Agent U,3,0.541413,0.594371,0.003381,0.443077
85,Annihil-Agent 47,Annihil-Agent 47,3,0.541413,0.594371,0.003381,0.443077
922,Molly Stiles,Molly Stiles,3,0.541413,0.594371,0.003381,0.443077
1397,Valentina de la Fontaine,Valentina de la Fontaine,3,0.541413,0.594371,0.003381,0.443077
547,Glob Herman,Glob Herman,3,0.541413,0.59989,0.001158,0.606404
735,Kid Omega,Kid Omega,3,0.541413,0.59989,0.001158,0.606404
1185,Sebastian Shaw,Sebastian Shaw,3,0.541413,0.59989,0.001158,0.606404
1083,Quicksilver,Quicksilver,3,0.540444,0.578808,0.003039,0.453861
1259,Speedball (Robbie Baldwin),Speedball (Robbie Baldwin),3,0.539671,0.587196,0.005263,0.430098
120,Aurora,Aurora,3,0.538709,0.598344,0.006173,0.559857
892,Mentallo,Mentallo,3,0.538133,0.590508,0.013769,0.518243
1174,Scarlet Witch,Scarlet Witch,3,0.537749,0.5766,0.001577,0.447367
1214,Silver Samurai,Silver Samurai,3,0.537367,0.590949,0.004199,0.460509
668,James Madrox,James Madrox,3,0.537175,0.58819,0.00428,0.518155
336,Daredevil,Daredevil,3,0.536984,0.574393,0.002,0.394747
450,Enchantress,Enchantress,3,0.536603,0.581898,0.00287,0.43179
592,Hazmat,Hazmat,3,0.536603,0.581898,0.00287,0.43179
969,Nico Minoru,Nico Minoru,3,0.536603,0.581898,0.00287,0.43179
1201,She-Hulk (Jen Walters),She-Hulk (Jen Walters),3,0.536412,0.572075,0.002306,0.385157
522,Gambit,Gambit,3,0.536031,0.584658,0.001819,0.541938
829,Magma,Magma,3,0.535651,0.586203,0.001365,0.550787
757,Lady Mastermind,Lady Mastermind,3,0.535651,0.586203,0.001072,0.551109
1281,Stingray,Stingray,3,0.535461,0.568212,0.001405,0.389075
219,Bucky Barnes,Bucky Barnes,3,0.535271,0.579581,0.003685,0.416016
578,"Hank Pym (Ant-Man, Wasp, Goliath, Yellowjacket, Giant Man)","Hank Pym (Ant-Man, Wasp, Goliath, Yellowjacket, Giant Man)",3,0.535271,0.568543,0.000455,0.392886
590,Havok,Havok,3,0.535082,0.584989,0.00476,0.556706
1250,Songbird,Songbird,3,0.534135,0.577594,0.002608,0.415085
1396,US Agent,US Agent,3,0.534135,0.569426,0.001247,0.392288
1450,Wasp (Janet Van Dyne),Wasp (Janet Van Dyne),3,0.534135,0.565894,0.000313,0.385389
170,Black Panther,Black Panther,3,0.533946,0.566225,0.000545,0.379164
1188,Sentry,Sentry,3,0.533569,0.566225,0.002476,0.374174
627,Hyperion,Hyperion,3,0.53338,0.576269,0.002937,0.413987
459,Ernst,Ernst,3,0.53338,0.58223,0.000465,0.547303
980,No-Girl,No-Girl,3,0.53338,0.58223,0.000465,0.547303
1087,Rachel Summers,Rachel Summers,3,0.533192,0.585872,0.004556,0.510258
1400,Valkyrie,Valkyrie,3,0.533004,0.567439,0.005069,0.380839
230,Cable,Cable,3,0.532816,0.581015,0.00067,0.559254
932,Moondragon,Moondragon,3,0.532065,0.565784,0.000963,0.381549
1046,Polaris,Polaris,3,0.530383,0.580243,0.007908,0.462785
424,E.V.A.,E.V.A.,3,0.530383,0.580905,0.00093,0.508944
676,Jean Grey,Jean Grey,3,0.530197,0.580353,0.000827,0.510832
602,Hercules,Hercules,3,0.530197,0.562472,0.000249,0.376561
598,Hellcat,Hellcat,3,0.530197,0.562472,0.00024,0.376227
630,Iceman,Iceman,3,0.530011,0.572517,0.001306,0.502124
984,Norman Osborn,Norman Osborn,3,0.529639,0.576269,0.004659,0.345628
1339,Thor Odinson,Thor Odinson,3,0.529082,0.559603,0.004569,0.364387
883,Medusa,Medusa,3,0.528897,0.566336,0.002369,0.369056
1480,Wolfsbane,Wolfsbane,3,0.528897,0.581126,0.001962,0.543101
1035,Phoenix Force,Phoenix Force,3,0.528711,0.577925,0.00069,0.50208
1063,Professor X,Professor X,3,0.528341,0.573068,0.003534,0.482354
214,Broo,Broo,3,0.528157,0.576932,0.00065,0.499113
401,Dr. Frankenstein,Dr. Frankenstein,3,0.528157,0.576932,0.00065,0.499113
749,Krakoa,Krakoa,3,0.528157,0.576932,0.00065,0.499113
858,Manuel Enduque,Manuel Enduque,3,0.528157,0.576932,0.00065,0.499113
1016,Oya,Oya,3,0.528157,0.576932,0.00065,0.499113
866,Marrow,Marrow,3,0.527603,0.587417,0.009091,0.481552
873,Master Pandemonium,Master Pandemonium,3,0.527603,0.579691,0.005294,0.378461
209,Box,Box,3,0.527235,0.578146,0.00316,0.532576
1411,Venom,Venom,3,0.526867,0.565342,0.004728,0.373251
1160,Sandman,Sandman,3,0.526683,0.566777,0.004207,0.374362
376,Doctor Doom,Doctor Doom,3,0.526683,0.559713,0.001298,0.366887
325,Cyclops,Cyclops,3,0.526316,0.57649,0.002813,0.533103
385,Domino,Domino,3,0.526132,0.576159,0.002158,0.539657
89,Ant-Man (Scott Lang),Ant-Man (Scott Lang),3,0.525949,0.562141,0.002042,0.363298
244,Carnage,Carnage,3,0.525949,0.559272,0.000767,0.365416
1445,Warpath,Warpath,3,0.525766,0.575497,0.000908,0.534513
701,Joseph,Joseph,3,0.5254,0.570861,0.002823,0.460257
338,Darkhawk,Darkhawk,3,0.524852,0.564128,0.001638,0.379904
974,Nightcrawler,Nightcrawler,3,0.524852,0.573841,0.000484,0.535652
136,Baron Helmut Zemo,Baron Helmut Zemo,3,0.52467,0.594923,0.004344,0.375321
491,Fixer,Fixer,3,0.52467,0.594923,0.004344,0.375321
1229,Skein,Skein,3,0.524488,0.564349,0.004881,0.375735
500,Forge,Forge,3,0.524488,0.573179,0.000512,0.532644
202,Boom-Boom,Boom-Boom,3,0.524488,0.573179,0.000368,0.532254
913,Mister Fantastic,Mister Fantastic,3,0.524124,0.558389,0.001213,0.356455
1205,Shocker,Shocker,3,0.523578,0.571965,0.007624,0.260622
351,Deathlok,Deathlok,3,0.523578,0.558057,0.000939,0.316969
723,Karma,Karma,3,0.523578,0.571523,0.00027,0.529288
765,Leech,Leech,3,0.523397,0.56766,0.006376,0.350588
327,Dagger,Dagger,3,0.523216,0.568212,0.003003,0.469539
1103,Red Guardian,Red Guardian,3,0.523216,0.554305,0.00075,0.356095
439,Elixir,Elixir,3,0.523216,0.570861,0.000188,0.529831
337,Dark Beast,Dark Beast,3,0.522853,0.564018,0.003762,0.340294
162,Bishop,Bishop,3,0.522853,0.570199,0.000169,0.528432
427,Echo,Echo,3,0.522491,0.559823,0.001362,0.365835
1092,Rage,Rage,3,0.522311,0.559492,0.001352,0.36363
1379,Turbo (Mikey Jeffries),Turbo (Mikey Jeffries),3,0.522311,0.559492,0.001352,0.36363
57,Alchemy,Alchemy,3,0.52213,0.568874,0.000126,0.525348
86,Anole,Anole,3,0.52213,0.568874,0.000126,0.525348
107,Armor,Armor,3,0.52213,0.568874,0.000126,0.525348
183,Blindfold,Blindfold,3,0.52213,0.568874,0.000126,0.525348
185,Bling,Bling,3,0.52213,0.568874,0.000126,0.525348
423,Dust,Dust,3,0.52213,0.568874,0.000126,0.525348
510,Frenzy,Frenzy,3,0.52213,0.568874,0.000126,0.525348
599,Hellion,Hellion,3,0.52213,0.568874,0.000126,0.525348
769,Lifeguard,Lifeguard,3,0.52213,0.568874,0.000126,0.525348
876,Match,Match,3,0.52213,0.568874,0.000126,0.525348
895,Mercury,Mercury,3,0.52213,0.568874,0.000126,0.525348
1006,Onyxx,Onyxx,3,0.52213,0.568874,0.000126,0.525348
1042,Pixie,Pixie,3,0.52213,0.568874,0.000126,0.525348
1138,Rockslide,Rockslide,3,0.52213,0.568874,0.000126,0.525348
1297,Surge,Surge,3,0.52213,0.568874,0.000126,0.525348
1343,Thunderbird (Neal Shaara),Thunderbird (Neal Shaara),3,0.52213,0.568874,0.000126,0.525348
1366,Trance,Trance,3,0.52213,0.568874,0.000126,0.525348
1458,White Tiger (Angela del Toro),White Tiger (Angela del Toro),3,0.521769,0.558499,0.001281,0.36333
656,Jack Norriss,Jack Norriss,3,0.521589,0.556402,0.000624,0.295273
910,Miss America,Miss America,3,0.521409,0.557837,0.006834,0.349419
1460,Whizzer,Whizzer,3,0.521409,0.557837,0.006834,0.349419
88,Ant-Man (Eric O'Grady),Ant-Man (Eric O'Grady),3,0.521229,0.570971,0.002637,0.325468
1440,War Machine,War Machine,3,0.520869,0.554415,0.000161,0.367975
1050,Power Man,Power Man,3,0.520152,0.555519,0.003634,0.351206
1077,Pyro,Pyro,3,0.520152,0.561258,0.00056,0.451725
283,Cloak,Cloak,3,0.519793,0.560596,0.000325,0.450888
907,Mimic,Mimic,3,0.519793,0.560596,0.000325,0.450888
80,Angel Salvadore,Angel Salvadore,3,0.519257,0.559603,0.000243,0.447393
1493,Xorn Kuan-Yin,Xorn Kuan-Yin,3,0.519257,0.559603,0.000243,0.447393
383,Doctor Voodoo,Doctor Voodoo,3,0.519079,0.55,0.000028,0.355112
1303,Synapse,Synapse,3,0.519079,0.55,0.000028,0.355112
1427,Vision,Vision,3,0.519079,0.55,0.000028,0.355112
131,Banshee,Banshee,3,0.518722,0.55883,0.001701,0.434512
377,Doctor Druid,Doctor Druid,3,0.518366,0.552208,0.000109,0.364543
1344,Thunderstrike,Thunderstrike,3,0.518366,0.552208,0.000109,0.364543
66,Amadeus Cho,Amadeus Cho,3,0.518366,0.549338,0.000056,0.348513
1228,Skaar,Skaar,3,0.518188,0.551876,0.000976,0.352006
103,Ares,Ares,3,0.51801,0.551545,0.00062,0.353751
1117,Revanche,Revanche,3,0.517655,0.558609,0.001408,0.435511
815,Machine Man,Machine Man,3,0.517655,0.550883,0.000881,0.354351
857,Mantis,Mantis,3,0.517655,0.550883,0.00057,0.351924
1104,Red Hulk,Red Hulk,3,0.517478,0.550552,0.001407,0.351312
982,Noh-Varr,Noh-Varr,3,0.517478,0.550552,0.000589,0.350115
1186,Selene Gallio,Selene Gallio,3,0.5173,0.562804,0.000593,0.39828
1204,Shinobi Shaw,Shinobi Shaw,3,0.5173,0.562804,0.000593,0.39828
617,Hulkling,Hulkling,3,0.517123,0.54989,0.000482,0.348617
1045,Pod,Pod,3,0.517123,0.54989,0.000482,0.348617
1270,Squirrel Girl,Squirrel Girl,3,0.517123,0.54989,0.000482,0.348617
1461,Wiccan,Wiccan,3,0.517123,0.54989,0.000482,0.348617
569,Grim Reaper,Grim Reaper,3,0.516769,0.562252,0.007779,0.280214
321,Crystal,Crystal,3,0.516769,0.549227,0.000181,0.347134
950,Mudbug,Mudbug,3,0.516593,0.55883,0.003652,0.247414
1246,Snot,Snot,3,0.516593,0.55883,0.003652,0.247414
234,Candy Southern,Candy Southern,3,0.516593,0.546468,0.001319,0.227733
464,Ex Nihilio,Ex Nihilio,3,0.516239,0.548234,0.000158,0.347932
688,Jocasta,Jocasta,3,0.516063,0.547903,0.000026,0.349032
1278,Stature,Stature,3,0.516063,0.547903,0.000026,0.349032
467,Exodus,Exodus,3,0.51571,0.555408,0.002426,0.344488
256,Chamber,Chamber,3,0.515534,0.565232,0.002562,0.446154
0,3D Man,3D Man,3,0.515534,0.546909,0,0.345395
4,Abyss,Abyss,3,0.515534,0.546909,0,0.345395
10,Agent 13,Agent 13,3,0.515534,0.546909,0,0.345395
123,Avenger X,Avenger X,3,0.515534,0.546909,0,0.345395
140,Batwing,Batwing,3,0.515534,0.546909,0,0.345395
180,Blade,Blade,3,0.515534,0.546909,0,0.345395
194,Blue Marvel,Blue Marvel,3,0.515534,0.546909,0,0.345395
229,Butterball,Butterball,3,0.515534,0.546909,0,0.345395
299,Constance Molina,Constance Molina,3,0.515534,0.546909,0,0.345395
340,Dave Griffith,Dave Griffith,3,0.515534,0.546909,0,0.345395
361,Demolition Man,Demolition Man,3,0.515534,0.546909,0,0.345395
388,Doorman,Doorman,3,0.515534,0.546909,0,0.345395
443,Elsa Bloodstone,Elsa Bloodstone,3,0.515534,0.546909,0,0.345395
453,Enigma,Enigma,3,0.515534,0.546909,0,0.345395
483,Finesse,Finesse,3,0.515534,0.546909,0,0.345395
484,Fiona,Fiona,3,0.515534,0.546909,0,0.345395
486,Firebird,Firebird,3,0.515534,0.546909,0,0.345395
546,Gilgamesh,Gilgamesh,3,0.515534,0.546909,0,0.345395
555,Good Silva,Good Silva,3,0.515534,0.546909,0,0.345395
610,Hollow,Hollow,3,0.515534,0.546909,0,0.345395
624,Hybrid,Hybrid,3,0.515534,0.546909,0,0.345395
658,Jack of Hearts,Jack of Hearts,3,0.515534,0.546909,0,0.345395
681,Jessica Jones,Jessica Jones,3,0.515534,0.546909,0,0.345395
710,Juston Seyfert,Juston Seyfert,3,0.515534,0.546909,0,0.345395
716,Kaluu,Kaluu,3,0.515534,0.546909,0,0.345395
772,Lightspeed,Lightspeed,3,0.515534,0.546909,0,0.345395
781,Living Lightning,Living Lightning,3,0.515534,0.546909,0,0.345395
816,Machine Teen,Machine Teen,3,0.515534,0.546909,0,0.345395
822,Madame Web,Madame Web,3,0.515534,0.546909,0,0.345395
854,Manifold,Manifold,3,0.515534,0.546909,0,0.345395
869,Marvel Boy,Marvel Boy,3,0.515534,0.546909,0,0.345395
898,Mettle,Mettle,3,0.515534,0.546909,0,0.345395
927,Monica Chang,Monica Chang,3,0.515534,0.546909,0,0.345395
943,Mr. Immortal,Mr. Immortal,3,0.515534,0.546909,0,0.345395
976,Nightmask,Nightmask,3,0.515534,0.546909,0,0.345395
1021,Patriot,Patriot,3,0.515534,0.546909,0,0.345395
1058,Prince of Orphans,Prince of Orphans,3,0.515534,0.546909,0,0.345395
1065,Protector,Protector,3,0.515534,0.546909,0,0.345395
1070,Pulsar,Pulsar,3,0.515534,0.546909,0,0.345395
1115,Reptil,Reptil,3,0.515534,0.546909,0,0.345395
1137,Rocket Racer,Rocket Racer,3,0.515534,0.546909,0,0.345395
1147,Ruby Neal,Ruby Neal,3,0.515534,0.546909,0,0.345395
1191,Sersi,Sersi,3,0.515534,0.546909,0,0.345395
1194,Shang-Chi,Shang-Chi,3,0.515534,0.546909,0,0.345395
1217,Silverclaw,Silverclaw,3,0.515534,0.546909,0,0.345395
1223,Singularity,Singularity,3,0.515534,0.546909,0,0.345395
1242,Smasher,Smasher,3,0.515534,0.546909,0,0.345395
1251,Soraya Khorasani,Soraya Khorasani,3,0.515534,0.546909,0,0.345395
1255,Spectrum,Spectrum,3,0.515534,0.546909,0,0.345395
1256,Speed,Speed,3,0.515534,0.546909,0,0.345395
1260,Spider-Girl,Spider-Girl,3,0.515534,0.546909,0,0.345395
1272,Star Brand,Star Brand,3,0.515534,0.546909,0,0.345395
1276,Starfox,Starfox,3,0.515534,0.546909,0,0.345395
1285,Striker,Striker,3,0.515534,0.546909,0,0.345395
1302,Swordsman,Swordsman,3,0.515534,0.546909,0,0.345395
1374,Triathlon,Triathlon,3,0.515534,0.546909,0,0.345395
1382,Two-Gun Kid,Two-Gun Kid,3,0.515534,0.546909,0,0.345395
1399,Validator,Validator,3,0.515534,0.546909,0,0.345395
1408,Veil,Veil,3,0.515534,0.546909,0,0.345395
1418,Victor Mancha,Victor Mancha,3,0.515534,0.546909,0,0.345395
1451,Wasp (Nadia Pym),Wasp (Nadia Pym),3,0.515534,0.546909,0,0.345395
1475,Wiz Kid,Wiz Kid,3,0.515534,0.546909,0,0.345395
605,Hindsight,Hindsight,3,0.515183,0.557726,0.002219,0.434253
110,Arthur Perry,Arthur Perry,3,0.515007,0.551435,0.001448,0.261273
1197,Sharon Carter,Sharon Carter,3,0.515007,0.545033,0.000235,0.252698
811,M.O.D.O.K.,M.O.D.O.K.,3,0.51448,0.55596,0.003832,0.280476
1443,Warlock,Warlock,3,0.51413,0.556181,0.000973,0.449769
396,Dr. Cecilia Reyes,Dr. Cecilia Reyes,3,0.51378,0.562141,0.001482,0.441729
981,Nocturne,Nocturne,3,0.512908,0.55011,0.000518,0.35216
506,Franklin Richards,Franklin Richards,3,0.511691,0.545806,0.002504,0.323394
122,Avalanche,Avalanche,3,0.511171,0.546799,0.000471,0.340908
179,Blackout,Blackout,3,0.510998,0.574062,0.00282,0.327126
390,"Douglas Ramsey (Douglock, Cypher)","Douglas Ramsey (Douglock, Cypher)",3,0.510998,0.554194,0.000943,0.439979
709,Justice,Justice,3,0.51048,0.545916,0.002499,0.318524
796,Lorelei,Lorelei,3,0.510308,0.545143,0.000181,0.336576
844,Mammomax,Mammomax,3,0.510308,0.545143,0.000181,0.336576
1000,Omega Red,Omega Red,3,0.510308,0.545143,0.000181,0.336576
1023,Peeper,Peeper,3,0.510308,0.545143,0.000181,0.336576
904,Mikhail Rasputin,Mikhail Rasputin,3,0.509275,0.550662,0.001782,0.327567
1066,Psi-Borg,Psi-Borg,3,0.50876,0.55872,0.004038,0.278848
1218,Silverfox,Silverfox,3,0.50876,0.55872,0.004038,0.278848
1097,Random,Random,3,0.50876,0.547241,0.001741,0.334135
142,Beautiful Dreamer,Beautiful Dreamer,3,0.508246,0.548675,0.001653,0.311484
455,Erg,Erg,3,0.508246,0.548675,0.001653,0.311484
482,Fever Pitch,Fever Pitch,3,0.508246,0.548675,0.001653,0.311484
776,Litterbug,Litterbug,3,0.508246,0.548675,0.001653,0.311484
1154,Sack,Sack,3,0.508246,0.548675,0.001653,0.311484
828,Magik,Magik,3,0.507904,0.548234,0.000452,0.425677
1286,Strong Guy,Strong Guy,3,0.507052,0.543929,0.005412,0.327794
655,Jack Flag,Jack Flag,3,0.506882,0.540728,0.000539,0.242154
186,Blink,Blink,3,0.506202,0.544923,0.000091,0.420394
1267,Sprite,Sprite,3,0.506202,0.544923,0.000091,0.420394
1490,X-Man,X-Man,3,0.506202,0.544923,0.000091,0.420394
339,Darwin,Darwin,3,0.505863,0.54426,0.000205,0.418619
789,Longshot,Longshot,3,0.505863,0.54426,0.000205,0.418619
601,Hepzibah,Hepzibah,3,0.505693,0.546578,0.001495,0.417037
1413,Veranke,Veranke,3,0.505693,0.54106,0.000153,0.264152
933,Moonstar,Moonstar,3,0.505524,0.541832,0.000561,0.280102
721,Karima Shapandar,Karima Shapandar,3,0.505524,0.546247,0.000334,0.422393
919,Moira MacTaggert,Moira MacTaggert,3,0.505017,0.545254,0.000198,0.423819
661,Jackhammer,Jackhammer,3,0.504679,0.56181,0.001641,0.30781
848,Man-Killer,Man-Killer,3,0.504679,0.56181,0.001641,0.30781
611,Hope Summers,Hope Summers,3,0.504511,0.54426,0.000073,0.421802
705,Jubilee,Jubilee,3,0.504342,0.543709,0.000467,0.416513
827,Maggott,Maggott,3,0.504342,0.543709,0.000467,0.416513
872,Masque,Masque,3,0.504174,0.536976,0.002402,0.197507
370,Diamondback,Diamondback,3,0.504174,0.540508,0.001544,0.245307
379,Doctor Nemesis,Doctor Nemesis,3,0.504005,0.543267,0.00006,0.418835
501,ForgetMeNot,ForgetMeNot,3,0.504005,0.543267,0.00006,0.418835
147,Beetle,Beetle,3,0.503837,0.551545,0.002352,0.192715
333,Danger,Danger,3,0.503669,0.542605,0.000151,0.417509
68,Amelia Voght,Amelia Voght,3,0.503333,0.539073,0.00131,0.303726
1321,Tempo,Tempo,3,0.503333,0.539073,0.00131,0.303726
607,Hit-Monkey,Hit-Monkey,3,0.503166,0.537859,0.000732,0.243404
1180,Scott Adsit,Scott Adsit,3,0.503166,0.537859,0.000732,0.243404
551,Goldballs,Goldballs,3,0.503166,0.541611,0.000012,0.415055
604,Hijack,Hijack,3,0.503166,0.541611,0.000012,0.415055
786,Lockheed,Lockheed,3,0.503166,0.541611,0.000012,0.415055
1322,Tempus,Tempus,3,0.503166,0.541611,0.000012,0.415055
1373,Triage,Triage,3,0.503166,0.541611,0.000012,0.415055
1200,Shatterstar,Shatterstar,3,0.502998,0.538411,0.000326,0.334058
104,Ariel,Ariel,3,0.502663,0.540618,0,0.412088
253,Cerebra,Cerebra,3,0.502663,0.540618,0,0.412088
259,Changeling,Changeling,3,0.502663,0.540618,0,0.412088
273,Cipher,Cipher,3,0.502663,0.540618,0,0.412088
312,Creep,Creep,3,0.502663,0.540618,0,0.412088
318,Crosta,Crosta,3,0.502663,0.540618,0,0.412088
334,Dani Moonstar,Dani Moonstar,3,0.502663,0.540618,0,0.412088
352,Deathlok Prime,Deathlok Prime,3,0.502663,0.540618,0,0.412088
387,Doop,Doop,3,0.502663,0.540618,0,0.412088
402,Dr. Kavita Rao,Dr. Kavita Rao,3,0.502663,0.540618,0,0.412088
452,Energizer,Energizer,3,0.502663,0.540618,0,0.412088
461,Evan Sabah Nur,Evan Sabah Nur,3,0.502663,0.540618,0,0.412088
468,Eye Boy,Eye Boy,3,0.502663,0.540618,0,0.412088
471,Face,Face,3,0.502663,0.540618,0,0.412088
493,Fiz,Fiz,3,0.502663,0.540618,0,0.412088
537,Genesis,Genesis,3,0.502663,0.540618,0,0.412088
539,Gentle,Gentle,3,0.502663,0.540618,0,0.412088
563,Graymalkin,Graymalkin,3,0.502663,0.540618,0,0.412088
633,Indra,Indra,3,0.502663,0.540618,0,0.412088
636,Ink,Ink,3,0.502663,0.540618,0,0.412088
720,Karasu,Karasu,3,0.502663,0.540618,0,0.412088
734,Kid Gladiator,Kid Gladiator,3,0.502663,0.540618,0,0.412088
753,Kymera,Kymera,3,0.502663,0.540618,0,0.412088
766,Legion,Legion,3,0.502663,0.540618,0,0.412088
802,Luca Aldine,Luca Aldine,3,0.502663,0.540618,0,0.412088
804,Lucid,Lucid,3,0.502663,0.540618,0,0.412088
831,Magnetrix,Magnetrix,3,0.502663,0.540618,0,0.412088
899,Michaela Ladak,Michaela Ladak,3,0.502663,0.540618,0,0.412088
938,Morph,Morph,3,0.502663,0.540618,0,0.412088
960,Nature Girl,Nature Girl,3,0.502663,0.540618,0,0.412088
1004,Omerta,Omerta,3,0.502663,0.540618,0,0.412088
1030,Petra,Petra,3,0.502663,0.540618,0,0.412088
1057,Primal,Primal,3,0.502663,0.540618,0,0.412088
1071,Pulse,Pulse,3,0.502663,0.540618,0,0.412088
1105,Red Lotus,Red Lotus,3,0.502663,0.540618,0,0.412088
1119,Revenant,Revenant,3,0.502663,0.540618,0,0.412088
1162,Sapna,Sapna,3,0.502663,0.540618,0,0.412088
1179,Scorpion Boy,Scorpion Boy,3,0.502663,0.540618,0,0.412088
1196,Shark-Girl,Shark-Girl,3,0.502663,0.540618,0,0.412088
1211,Silent Monk,Silent Monk,3,0.502663,0.540618,0,0.412088
1238,Slipstream,Slipstream,3,0.502663,0.540618,0,0.412088
1248,Sojobo,Sojobo,3,0.502663,0.540618,0,0.412088
1269,Squidface,Squidface,3,0.502663,0.540618,0,0.412088
1271,Stacy X,Stacy X,3,0.502663,0.540618,0,0.412088
1291,Sunpyre,Sunpyre,3,0.502663,0.540618,0,0.412088
1301,Sway,Sway,3,0.502663,0.540618,0,0.412088
1342,Thunderbird (John Proudstar),Thunderbird (John Proudstar),3,0.502663,0.540618,0,0.412088
1367,Transonic,Transonic,3,0.502663,0.540618,0,0.412088
1372,Tri-Joey,Tri-Joey,3,0.502663,0.540618,0,0.412088
1409,Velocidad,Velocidad,3,0.502663,0.540618,0,0.412088
1430,Vulcan,Vulcan,3,0.502663,0.540618,0,0.412088
1442,Warbird,Warbird,3,0.502663,0.540618,0,0.412088
1485,Wraith,Wraith,3,0.502663,0.540618,0,0.412088
1494,Xorn Shen,Xorn Shen,3,0.502663,0.540618,0,0.412088
1503,Zach,Zach,3,0.502663,0.540618,0,0.412088
1506,Zero,Zero,3,0.502663,0.540618,0,0.412088
1508,Ziggy Karst,Ziggy Karst,3,0.502663,0.540618,0,0.412088
849,Man-Thing,Man-Thing,3,0.502496,0.535872,0.000441,0.237459
101,Arclight,Arclight,3,0.502496,0.534989,0.000282,0.305728
1060,Prism,Prism,3,0.502496,0.534989,0.000282,0.305728
1170,Scalphunter,Scalphunter,3,0.502496,0.534989,0.000282,0.305728
1182,Scrambler,Scrambler,3,0.502496,0.534989,0.000282,0.305728
369,Diamond Lil,Diamond Lil,3,0.502329,0.537086,0.001746,0.299176
1125,"Richard Jones (A-Bomb, Whisperer)","Richard Jones (A-Bomb, Whisperer)",3,0.502162,0.535872,0.000309,0.239197
973,Night Thrasher (Dwayne Taylor),Night Thrasher (Dwayne Taylor),3,0.501495,0.536093,0.00344,0.187221
196,Blur,Blur,3,0.501495,0.53521,0.000652,0.236312
174,Black Tom Cassidy,Black Tom Cassidy,3,0.501495,0.537859,0.000497,0.230434
1168,Sauron,Sauron,3,0.501495,0.537859,0.000497,0.230434
752,Kylun,Kylun,3,0.500829,0.533664,0.000183,0.308181
902,Micromax,Micromax,3,0.500829,0.533664,0.000183,0.308181
2,Abigail Brand,Abigail Brand,3,0.500663,0.533554,0,0.233375
5,Adam,Adam,3,0.500663,0.533554,0,0.233375
11,Agent 22,Agent 22,3,0.500663,0.533554,0,0.233375
12,Agent 33,Agent 33,3,0.500663,0.533554,0,0.233375
13,Agent Bradley,Agent Bradley,3,0.500663,0.533554,0,0.233375
14,Agent Carstairs,Agent Carstairs,3,0.500663,0.533554,0,0.233375
15,Agent Cheesecake,Agent Cheesecake,3,0.500663,0.533554,0,0.233375
16,Agent Coletti,Agent Coletti,3,0.500663,0.533554,0,0.233375
17,Agent Crimson,Agent Crimson,3,0.500663,0.533554,0,0.233375
18,Agent Davis,Agent Davis,3,0.500663,0.533554,0,0.233375
19,Agent Deems,Agent Deems,3,0.500663,0.533554,0,0.233375
20,Agent Farrell,Agent Farrell,3,0.500663,0.533554,0,0.233375
21,Agent Fitz,Agent Fitz,3,0.500663,0.533554,0,0.233375
23,Agent Goldman,Agent Goldman,3,0.500663,0.533554,0,0.233375
24,Agent Gomez,Agent Gomez,3,0.500663,0.533554,0,0.233375
25,Agent Gorman,Agent Gorman,3,0.500663,0.533554,0,0.233375
27,Agent Hayes,Agent Hayes,3,0.500663,0.533554,0,0.233375
28,Agent Hook,Agent Hook,3,0.500663,0.533554,0,0.233375
29,Agent Hope,Agent Hope,3,0.500663,0.533554,0,0.233375
30,Agent L,Agent L,3,0.500663,0.533554,0,0.233375
31,Agent Lindsay,Agent Lindsay,3,0.500663,0.533554,0,0.233375
32,Agent M,Agent M,3,0.500663,0.533554,0,0.233375
33,Agent Marquez,Agent Marquez,3,0.500663,0.533554,0,0.233375
34,Agent Mason,Agent Mason,3,0.500663,0.533554,0,0.233375
35,Agent May,Agent May,3,0.500663,0.533554,0,0.233375
36,Agent McAllister,Agent McAllister,3,0.500663,0.533554,0,0.233375
37,Agent Owen,Agent Owen,3,0.500663,0.533554,0,0.233375
38,Agent Preston,Agent Preston,3,0.500663,0.533554,0,0.233375
39,Agent Simmons,Agent Simmons,3,0.500663,0.533554,0,0.233375
40,Agent Simon,Agent Simon,3,0.500663,0.533554,0,0.233375
41,Agent Solomon,Agent Solomon,3,0.500663,0.533554,0,0.233375
42,Agent Tiger,Agent Tiger,3,0.500663,0.533554,0,0.233375
44,Agent Vaughn,Agent Vaughn,3,0.500663,0.533554,0,0.233375
46,Agent Warrick,Agent Warrick,3,0.500663,0.533554,0,0.233375
47,Agent Waynesboro,Agent Waynesboro,3,0.500663,0.533554,0,0.233375
48,Agent Whitaker,Agent Whitaker,3,0.500663,0.533554,0,0.233375
49,Agent Whitman,Agent Whitman,3,0.500663,0.533554,0,0.233375
60,Alex DePaul,Alex DePaul,3,0.500663,0.533554,0,0.233375
63,Alexander Pierce,Alexander Pierce,3,0.500663,0.533554,0,0.233375
64,Alisandre Morales,Alisandre Morales,3,0.500663,0.533554,0,0.233375
84,Annie Wong,Annie Wong,3,0.500663,0.533554,0,0.233375
97,Arabian Knight,Arabian Knight,3,0.500663,0.533554,0,0.233375
129,Balaban,Balaban,3,0.500663,0.533554,0,0.233375
143,Beck Lockhart,Beck Lockhart,3,0.500663,0.533554,0,0.233375
155,Bev Sykes,Bev Sykes,3,0.500663,0.533554,0,0.233375
239,Captain Koenig,Captain Koenig,3,0.500663,0.533554,0,0.233375
262,Charles Dalton,Charles Dalton,3,0.500663,0.533554,0,0.233375
265,Chastity McBryde,Chastity McBryde,3,0.500663,0.533554,0,0.233375
268,Chief Chang,Chief Chang,3,0.500663,0.533554,0,0.233375
280,Clay Quartermain,Clay Quartermain,3,0.500663,0.533554,0,0.233375
329,Daisy Johnson,Daisy Johnson,3,0.500663,0.533554,0,0.233375
332,Daman Veteri,Daman Veteri,3,0.500663,0.533554,0,0.233375
363,Derek Malloy,Derek Malloy,3,0.500663,0.533554,0,0.233375
400,Dr. Erik Selvig,Dr. Erik Selvig,3,0.500663,0.533554,0,0.233375
420,Druid,Druid,3,0.500663,0.533554,0,0.233375
421,Dum Dum Dugan,Dum Dum Dugan,3,0.500663,0.533554,0,0.233375
442,Ellis Love,Ellis Love,3,0.500663,0.533554,0,0.233375
457,Eric Koenig,Eric Koenig,3,0.500663,0.533554,0,0.233375
509,Free Spirit,Free Spirit,3,0.500663,0.533554,0,0.233375
514,G.W. Bridge,G.W. Bridge,3,0.500663,0.533554,0,0.233375
515,Gabe Jones,Gabe Jones,3,0.500663,0.533554,0,0.233375
517,Gaffer,Gaffer,3,0.500663,0.533554,0,0.233375
548,Glyph,Glyph,3,0.500663,0.533554,0,0.233375
561,Grant Ward,Grant Ward,3,0.500663,0.533554,0,0.233375
589,Harry Zviens,Harry Zviens,3,0.500663,0.533554,0,0.233375
659,Jack Truman,Jack Truman,3,0.500663,0.533554,0,0.233375
665,Jake Oh,Jake Oh,3,0.500663,0.533554,0,0.233375
673,Jasper Sitwell,Jasper Sitwell,3,0.500663,0.533554,0,0.233375
677,Jebediah Young,Jebediah Young,3,0.500663,0.533554,0,0.233375
678,Jenna Carlisle,Jenna Carlisle,3,0.500663,0.533554,0,0.233375
684,Jimmy Woo,Jimmy Woo,3,0.500663,0.533554,0,0.233375
687,Joaquin Pennysworth,Joaquin Pennysworth,3,0.500663,0.533554,0,0.233375
692,John Garrett,John Garrett,3,0.500663,0.533554,0,0.233375
702,Joseph Bricklemoore,Joseph Bricklemoore,3,0.500663,0.533554,0,0.233375
715,Kali Vries,Kali Vries,3,0.500663,0.533554,0,0.233375
732,Key,Key,3,0.500663,0.533554,0,0.233375
806,Ludlow Grimes,Ludlow Grimes,3,0.500663,0.533554,0,0.233375
810,M-80,M-80,3,0.500663,0.533554,0,0.233375
833,Major Hauer,Major Hauer,3,0.500663,0.533554,0,0.233375
855,Manphibian,Manphibian,3,0.500663,0.533554,0,0.233375
870,Mary Parker,Mary Parker,3,0.500663,0.533554,0,0.233375
886,Melinda Leucenstern,Melinda Leucenstern,3,0.500663,0.533554,0,0.233375
958,Nancy Winters,Nancy Winters,3,0.500663,0.533554,0,0.233375
964,Network Nina,Network Nina,3,0.500663,0.533554,0,0.233375
970,Nicole Orr,Nicole Orr,3,0.500663,0.533554,0,0.233375
1013,Override,Override,3,0.500663,0.533554,0,0.233375
1019,Patricia Wolman,Patricia Wolman,3,0.500663,0.533554,0,0.233375
1022,Paul Kraye,Paul Kraye,3,0.500663,0.533554,0,0.233375
1086,R.O.B.,R.O.B.,3,0.500663,0.533554,0,0.233375
1096,Randall Jessup,Randall Jessup,3,0.500663,0.533554,0,0.233375
1110,Redeemer,Redeemer,3,0.500663,0.533554,0,0.233375
1126,Richard Parker,Richard Parker,3,0.500663,0.533554,0,0.233375
1127,Rick Stoner,Rick Stoner,3,0.500663,0.533554,0,0.233375
1156,Sal Kennedy,Sal Kennedy,3,0.500663,0.533554,0,0.233375
1203,Sheva Joseph,Sheva Joseph,3,0.500663,0.533554,0,0.233375
1213,Silk,Silk,3,0.500663,0.533554,0,0.233375
1273,Star Carter,Star Carter,3,0.500663,0.533554,0,0.233375
1318,Teen Abomination,Teen Abomination,3,0.500663,0.533554,0,0.233375
1361,Tony Masters,Tony Masters,3,0.500663,0.533554,0,0.233375
1401,Vampire by Night,Vampire by Night,3,0.500663,0.533554,0,0.233375
1448,Warwolf,Warwolf,3,0.500663,0.533554,0,0.233375
75,Andrea von Strucker,Andrea von Strucker,3,0.500497,0.555298,0.001274,0.303952
76,Andreas von Strucker,Andreas von Strucker,3,0.500497,0.555298,0.001274,0.303952
139,Batroc,Batroc,3,0.500497,0.555298,0.001274,0.303952
316,Crossbones,Crossbones,3,0.500497,0.555298,0.001274,0.303952
995,Ogre,Ogre,3,0.500497,0.555298,0.001274,0.303952
1227,Siryn,Siryn,3,0.499834,0.532119,0.000058,0.306673
449,Empath,Empath,3,0.499339,0.531126,0.00031,0.295212
782,Living Monolith,Living Monolith,3,0.498844,0.530132,0.000004,0.306078
166,Black Box,Black Box,3,0.497857,0.528146,0,0.289995
249,Catiana,Catiana,3,0.497857,0.528146,0,0.289995
292,Collective Man,Collective Man,3,0.497857,0.528146,0,0.289995
417,Dragoness,Dragoness,3,0.497857,0.528146,0,0.289995
524,Gamesmaster,Gamesmaster,3,0.497857,0.528146,0,0.289995
533,Gateway,Gateway,3,0.497857,0.528146,0,0.289995
629,Icarus,Icarus,3,0.497857,0.528146,0,0.289995
666,"James Braddock, Jr","James Braddock, Jr",3,0.497857,0.528146,0,0.289995
675,Jazz,Jazz,3,0.497857,0.528146,0,0.289995
698,Johnny Dee,Johnny Dee,3,0.497857,0.528146,0,0.289995
736,Kiden,Kiden,3,0.497857,0.528146,0,0.289995
773,Lila Cheney,Lila Cheney,3,0.497857,0.528146,0,0.289995
878,Matt Landru,Matt Landru,3,0.497857,0.528146,0,0.289995
885,Meld,Meld,3,0.497857,0.528146,0,0.289995
915,Mister M,Mister M,3,0.497857,0.528146,0,0.289995
921,Molly Hayes,Molly Hayes,3,0.497857,0.528146,0,0.289995
966,Neurotap,Neurotap,3,0.497857,0.528146,0,0.289995
1010,Outlaw,Outlaw,3,0.497857,0.528146,0,0.289995
1074,Purple Woman,Purple Woman,3,0.497857,0.528146,0,0.289995
1084,Quill,Quill,3,0.497857,0.528146,0,0.289995
1121,Rhapsody,Rhapsody,3,0.497857,0.528146,0,0.289995
1151,Sabra,Sabra,3,0.497857,0.528146,0,0.289995
1370,Tree Man,Tree Man,3,0.497857,0.528146,0,0.289995
1395,Ursa Major,Ursa Major,3,0.497857,0.528146,0,0.289995
1402,Vange,Vange,3,0.497857,0.528146,0,0.289995
1435,Wallflower,Wallflower,3,0.497857,0.528146,0,0.289995
1474,Wither,Wither,3,0.497857,0.528146,0,0.289995
1477,Wolf Cub,Wolf Cub,3,0.497857,0.528146,0,0.289995
588,Harry Pizer,Harry Pizer,3,0.497693,0.526711,0.000925,0.140898
897,Mesmero,Mesmero,3,0.497693,0.526711,0.000925,0.140898
1012,Overmind,Overmind,3,0.497365,0.527815,0.000813,0.161938
70,Amora,Amora,3,0.496711,0.528477,0.003203,0.152654
792,Lord Deathstrike,Lord Deathstrike,3,0.496058,0.531567,0.001491,0.187936
324,Cyclone,Cyclone,3,0.495895,0.548234,0.00163,0.190659
1181,Scourge,Scourge,3,0.495569,0.532561,0.005588,0.143912
269,Chimera,Chimera,3,0.494595,0.538962,0.002567,0.262714
330,Daken,Daken,3,0.49411,0.518985,0.001792,0.146423
934,Moonstone,Moonstone,3,0.493142,0.54415,0.002205,0.193321
176,Blackheart,Blackheart,3,0.492017,0.523289,0.001434,0.158206
203,Boomerang,Boomerang,3,0.491377,0.538962,0.00117,0.178144
380,Doctor Octopus,Doctor Octopus,3,0.491377,0.538962,0.00117,0.178144
737,Killer Shrike,Killer Shrike,3,0.491377,0.538962,0.00117,0.178144
1403,Vanisher,Vanisher,3,0.491377,0.516004,0.000316,0.164332
1222,Sin,Sin,3,0.490738,0.532561,0.000332,0.240492
1340,Thornn,Thornn,3,0.49026,0.521634,0.001932,0.131784
955,Namorita,Namorita,3,0.49026,0.517219,0.000938,0.138957
557,Gorgon,Gorgon,3,0.489465,0.539183,0.00424,0.265996
257,Chameleon,Chameleon,3,0.48899,0.53819,0.002115,0.251453
169,Black Mamba,Black Mamba,3,0.488673,0.538631,0.000947,0.182007
1216,Silver Surfer,Silver Surfer,3,0.488673,0.510596,0.000713,0.121244
223,Bulldozer,Bulldozer,3,0.488357,0.528477,0.000851,0.13935
1341,Thunderball,Thunderball,3,0.488357,0.528477,0.000851,0.13935
1388,Ulysses Klaw,Ulysses Klaw,3,0.488357,0.528477,0.000851,0.13935
1486,Wrecker,Wrecker,3,0.488357,0.528477,0.000851,0.13935
117,Atlas,Atlas,3,0.488041,0.537307,0.000717,0.180418
914,Mister Hyde,Mister Hyde,3,0.488041,0.537307,0.000717,0.180418
1456,Whiplash,Whiplash,3,0.488041,0.537307,0.000717,0.180418
382,Doctor Strange,Doctor Strange,3,0.487884,0.510265,0.000122,0.143709
1473,Witchfire,Witchfire,3,0.487097,0.535099,0.005223,0.247739
1239,Slither,Slither,3,0.487097,0.518985,0.002725,0.142292
615,Howard the Duck,Howard the Duck,3,0.486783,0.50287,0.000281,0.085078
931,Moon Knight,Moon Knight,3,0.486469,0.506402,0.004846,0.099251
1354,Titania,Titania,3,0.485687,0.519316,0.000545,0.1248
184,Blindspot,Blindspot,3,0.485219,0.511038,0.000518,0.120107
1507,Zhang Heng,Zhang Heng,3,0.483819,0.529249,0.004259,0.233006
614,Howard Stark,Howard Stark,3,0.483819,0.517329,0.003928,0.157135
545,Ghost Rider,Ghost Rider,3,0.483509,0.504525,0.000504,0.113942
1072,Punisher,Punisher,3,0.48212,0.501545,0.000662,0.081599
102,Ardina,Ardina,3,0.48212,0.502208,0.000509,0.092218
73,Andrea Janson,Andrea Janson,3,0.481659,0.524614,0,0.230677
87,Answer,Answer,3,0.481659,0.524614,0,0.230677
92,Antwoin Molare,Antwoin Molare,3,0.481659,0.524614,0,0.230677
108,Arnim Zola,Arnim Zola,3,0.481659,0.524614,0,0.230677
109,Arnold Brown,Arnold Brown,3,0.481659,0.524614,0,0.230677
111,Arthur Woodman,Arthur Woodman,3,0.481659,0.524614,0,0.230677
115,Assassin,Assassin,3,0.481659,0.524614,0,0.230677
119,Atua-Thaugul,Atua-Thaugul,3,0.481659,0.524614,0,0.230677
137,Baron Wolfgang von Strucker,Baron Wolfgang von Strucker,3,0.481659,0.524614,0,0.230677
154,Bestial,Bestial,3,0.481659,0.524614,0,0.230677
164,Bitmap,Bitmap,3,0.481659,0.524614,0,0.230677
197,Bob,Bob,3,0.481659,0.524614,0,0.230677
198,Bob Oppenheim,Bob Oppenheim,3,0.481659,0.524614,0,0.230677
208,Bowman,Bowman,3,0.481659,0.524614,0,0.230677
213,Bronskon,Bronskon,3,0.481659,0.524614,0,0.230677
222,Bull's Eye,Bull's Eye,3,0.481659,0.524614,0,0.230677
247,Cassandra Romulus,Cassandra Romulus,3,0.481659,0.524614,0,0.230677
248,Catalyst,Catalyst,3,0.481659,0.524614,0,0.230677
258,Chancellor Cassandra,Chancellor Cassandra,3,0.481659,0.524614,0,0.230677
261,Charles Atkins,Charles Atkins,3,0.481659,0.524614,0,0.230677
291,Codename: Bravo,Codename: Bravo,3,0.481659,0.524614,0,0.230677
296,Commander Kraken,Commander Kraken,3,0.481659,0.524614,0,0.230677
297,Connely,Connely,3,0.481659,0.524614,0,0.230677
301,Cool Million,Cool Million,3,0.481659,0.524614,0,0.230677
307,Corrosion,Corrosion,3,0.481659,0.524614,0,0.230677
315,Crippler,Crippler,3,0.481659,0.524614,0,0.230677
319,Crown,Crown,3,0.481659,0.524614,0,0.230677
331,Dakini,Dakini,3,0.481659,0.524614,0,0.230677
335,Daniel Whitehall,Daniel Whitehall,3,0.481659,0.524614,0,0.230677
345,Deadmaker,Deadmaker,3,0.481659,0.524614,0,0.230677
360,Deltite,Deltite,3,0.481659,0.524614,0,0.230677
362,Dennis Bowden,Dennis Bowden,3,0.481659,0.524614,0,0.230677
373,Dismember,Dismember,3,0.481659,0.524614,0,0.230677
374,Dmitri Petrovich,Dmitri Petrovich,3,0.481659,0.524614,0,0.230677
375,Doc Locke,Doc Locke,3,0.481659,0.524614,0,0.230677
378,Doctor Faustus,Doctor Faustus,3,0.481659,0.524614,0,0.230677
398,Dr. Emil Kreagan,Dr. Emil Kreagan,3,0.481659,0.524614,0,0.230677
429,Edgar Lascombe,Edgar Lascombe,3,0.481659,0.524614,0,0.230677
433,El Jaguar,El Jaguar,3,0.481659,0.524614,0,0.230677
438,Elisa Sinclair,Elisa Sinclair,3,0.481659,0.524614,0,0.230677
441,Elliot Kohl,Elliot Kohl,3,0.481659,0.524614,0,0.230677
444,Elsbeth von Strucker,Elsbeth von Strucker,3,0.481659,0.524614,0,0.230677
445,Elsie Carson,Elsie Carson,3,0.481659,0.524614,0,0.230677
458,Eric Saltz,Eric Saltz,3,0.481659,0.524614,0,0.230677
502,Fox,Fox,3,0.481659,0.524614,0,0.230677
504,Frank,Frank,3,0.481659,0.524614,0,0.230677
529,Gargoyle Brother One,Gargoyle Brother One,3,0.481659,0.524614,0,0.230677
530,Gargoyle Brother Two,Gargoyle Brother Two,3,0.481659,0.524614,0,0.230677
531,Garotte,Garotte,3,0.481659,0.524614,0,0.230677
536,Geist,Geist,3,0.481659,0.524614,0,0.230677
540,George Fistal,George Fistal,3,0.481659,0.524614,0,0.230677
541,Gerald Richter,Gerald Richter,3,0.481659,0.524614,0,0.230677
574,Guillotine,Guillotine,3,0.481659,0.524614,0,0.230677
577,Hammer,Hammer,3,0.481659,0.524614,0,0.230677
580,Hardball,Hardball,3,0.481659,0.524614,0,0.230677
603,High-Zero,High-Zero,3,0.481659,0.524614,0,0.230677
608,Hive,Hive,3,0.481659,0.524614,0,0.230677
612,Horst Eisele,Horst Eisele,3,0.481659,0.524614,0,0.230677
613,Host,Host,3,0.481659,0.524614,0,0.230677
625,Hydra Queen,Hydra Queen,3,0.481659,0.524614,0,0.230677
628,I'xx'll'tk,I'xx'll'tk,3,0.481659,0.524614,0,0.230677
635,Infomorph,Infomorph,3,0.481659,0.524614,0,0.230677
637,Innards,Innards,3,0.481659,0.524614,0,0.230677
652,Ivan Trevkov,Ivan Trevkov,3,0.481659,0.524614,0,0.230677
664,Jake Fury,Jake Fury,3,0.481659,0.524614,0,0.230677
669,James Winderfield,James Winderfield,3,0.481659,0.524614,0,0.230677
671,Jared Kurtz,Jared Kurtz,3,0.481659,0.524614,0,0.230677
707,Julia Crane,Julia Crane,3,0.481659,0.524614,0,0.230677
714,Kalee Batrel,Kalee Batrel,3,0.481659,0.524614,0,0.230677
722,Karl Kraus,Karl Kraus,3,0.481659,0.524614,0,0.230677
738,Killobyte,Killobyte,3,0.481659,0.524614,0,0.230677
742,Kitty Drake,Kitty Drake,3,0.481659,0.524614,0,0.230677
744,Knockabout,Knockabout,3,0.481659,0.524614,0,0.230677
759,Lance,Lance,3,0.481659,0.524614,0,0.230677
760,Lance Halstan,Lance Halstan,3,0.481659,0.524614,0,0.230677
793,Lord Drain,Lord Drain,3,0.481659,0.524614,0,0.230677
794,Lord Falcon,Lord Falcon,3,0.481659,0.524614,0,0.230677
795,Lord Quietus,Lord Quietus,3,0.481659,0.524614,0,0.230677
800,Lt. Gregory Belial,Lt. Gregory Belial,3,0.481659,0.524614,0,0.230677
818,Madame Hydra Six,Madame Hydra Six,3,0.481659,0.524614,0,0.230677
819,Madame Jasmine,Madame Jasmine,3,0.481659,0.524614,0,0.230677
823,Madame Worm,Madame Worm,3,0.481659,0.524614,0,0.230677
843,Malpractice,Malpractice,3,0.481659,0.524614,0,0.230677
845,Mammoth,Mammoth,3,0.481659,0.524614,0,0.230677
906,Militant,Militant,3,0.481659,0.524614,0,0.230677
908,Mindstorm,Mindstorm,3,0.481659,0.524614,0,0.230677
935,Moorek,Moorek,3,0.481659,0.524614,0,0.230677
937,Morgan Cur,Morgan Cur,3,0.481659,0.524614,0,0.230677
941,Mother of Pearl,Mother of Pearl,3,0.481659,0.524614,0,0.230677
948,Ms. Diaz,Ms. Diaz,3,0.481659,0.524614,0,0.230677
957,Nancy Winderfield,Nancy Winderfield,3,0.481659,0.524614,0,0.230677
978,Nikolaus Geist,Nikolaus Geist,3,0.481659,0.524614,0,0.230677
991,Number 16,Number 16,3,0.481659,0.524614,0,0.230677
992,Number 72,Number 72,3,0.481659,0.524614,0,0.230677
1009,Otto Vermis,Otto Vermis,3,0.481659,0.524614,0,0.230677
1034,Philomena Kensington,Philomena Kensington,3,0.481659,0.524614,0,0.230677
1076,Pyre,Pyre,3,0.481659,0.524614,0,0.230677
1095,Ralph Sanzetti,Ralph Sanzetti,3,0.481659,0.524614,0,0.230677
1109,Red Skull,Red Skull,3,0.481659,0.524614,0,0.230677
1124,Richard Fisk,Richard Fisk,3,0.481659,0.524614,0,0.230677
1141,Ron Takimoto,Ron Takimoto,3,0.481659,0.524614,0,0.230677
1145,Rotwrap,Rotwrap,3,0.481659,0.524614,0,0.230677
1148,Rudolf Kranz,Rudolf Kranz,3,0.481659,0.524614,0,0.230677
1167,Sathan,Sathan,3,0.481659,0.524614,0,0.230677
1184,Scylla,Scylla,3,0.481659,0.524614,0,0.230677
1219,Silvermane,Silvermane,3,0.481659,0.524614,0,0.230677
1220,Simon Mycroft,Simon Mycroft,3,0.481659,0.524614,0,0.230677
1221,Simon Valk,Simon Valk,3,0.481659,0.524614,0,0.230677
1252,Sorrowful Maiden,Sorrowful Maiden,3,0.481659,0.524614,0,0.230677
1254,Space Phantom,Space Phantom,3,0.481659,0.524614,0,0.230677
1279,Steel Collar,Steel Collar,3,0.481659,0.524614,0,0.230677
1296,Superior Octopus,Superior Octopus,3,0.481659,0.524614,0,0.230677
1306,Tactical Force,Tactical Force,3,0.481659,0.524614,0,0.230677
1317,Technospike,Technospike,3,0.481659,0.524614,0,0.230677
1328,The Confessor,The Confessor,3,0.481659,0.524614,0,0.230677
1330,The Ghast,The Ghast,3,0.481659,0.524614,0,0.230677
1331,The Ghoul,The Ghoul,3,0.481659,0.524614,0,0.230677
1333,The Hound,The Hound,3,0.481659,0.524614,0,0.230677
1377,Troy,Troy,3,0.481659,0.524614,0,0.230677
1394,Urgoth Krall,Urgoth Krall,3,0.481659,0.524614,0,0.230677
1412,Venomm,Venomm,3,0.481659,0.524614,0,0.230677
1422,Vincente Fortunato,Vincente Fortunato,3,0.481659,0.524614,0,0.230677
1425,Violence,Violence,3,0.481659,0.524614,0,0.230677
1428,Vladimir Korda,Vladimir Korda,3,0.481659,0.524614,0,0.230677
1444,Warlord,Warlord,3,0.481659,0.524614,0,0.230677
1454,Werner von Strucker,Werner von Strucker,3,0.481659,0.524614,0,0.230677
1455,Whale,Whale,3,0.481659,0.524614,0,0.230677
1464,Wildpride,Wildpride,3,0.481659,0.524614,0,0.230677
1467,William Darvin,William Darvin,3,0.481659,0.524614,0,0.230677
1468,William Fields,William Fields,3,0.481659,0.524614,0,0.230677
1472,Wirehead,Wirehead,3,0.481659,0.524614,0,0.230677
1478,Wolfen,Wolfen,3,0.481659,0.524614,0,0.230677
1492,Xao,Xao,3,0.481659,0.524614,0,0.230677
1496,Yellowclaw,Yellowclaw,3,0.481659,0.524614,0,0.230677
1499,Yith,Yith,3,0.481659,0.524614,0,0.230677
56,Alan Wilson,Alan Wilson,3,0.481659,0.512693,0,0.154413
91,Anton Pierce,Anton Pierce,3,0.481659,0.512693,0,0.154413
124,Azazel,Azazel,3,0.481659,0.512693,0,0.154413
158,Bianca LaNeige,Bianca LaNeige,3,0.481659,0.512693,0,0.154413
212,Briar Raleigh,Briar Raleigh,3,0.481659,0.512693,0,0.154413
263,Charles Grey,Charles Grey,3,0.481659,0.512693,0,0.154413
295,Commander Clinton,Commander Clinton,3,0.481659,0.512693,0,0.154413
298,Conrad Strathdee,Conrad Strathdee,3,0.481659,0.512693,0,0.154413
304,Cordelia Frost,Cordelia Frost,3,0.481659,0.512693,0,0.154413
305,Cornelius Shaw,Cornelius Shaw,3,0.481659,0.512693,0,0.154413
371,Diana Knight,Diana Knight,3,0.481659,0.512693,0,0.154413
384,Dog Logan,Dog Logan,3,0.481659,0.512693,0,0.154413
386,Donald Pierce,Donald Pierce,3,0.481659,0.512693,0,0.154413
413,Dr. Xanto Starblood,Dr. Xanto Starblood,3,0.481659,0.512693,0,0.154413
422,Duncan Munro,Duncan Munro,3,0.481659,0.512693,0,0.154413
430,Edward Buckman,Edward Buckman,3,0.481659,0.512693,0,0.154413
434,Eleanor Grey,Eleanor Grey,3,0.481659,0.512693,0,0.154413
437,Elias Bogan,Elias Bogan,3,0.481659,0.512693,0,0.154413
440,Elizabeth Shaw,Elizabeth Shaw,3,0.481659,0.512693,0,0.154413
447,Emma Steed,Emma Steed,3,0.481659,0.512693,0,0.154413
448,Emmanuel da Costa,Emmanuel da Costa,3,0.481659,0.512693,0,0.154413
460,Esau Shaw,Esau Shaw,3,0.481659,0.512693,0,0.154413
469,Ezekiel Stane,Ezekiel Stane,3,0.481659,0.512693,0,0.154413
507,Franz,Franz,3,0.481659,0.512693,0,0.154413
513,Friedrich von Roehm,Friedrich von Roehm,3,0.481659,0.512693,0,0.154413
542,Gerhard van Ostamgen,Gerhard van Ostamgen,3,0.481659,0.512693,0,0.154413
556,Gordon Philips,Gordon Philips,3,0.481659,0.512693,0,0.154413
586,Harry Leland,Harry Leland,3,0.481659,0.512693,0,0.154413
587,Harry Manners,Harry Manners,3,0.481659,0.512693,0,0.154413
634,Infestation,Infestation,3,0.481659,0.512693,0,0.154413
662,Jacob Shaw,Jacob Shaw,3,0.481659,0.512693,0,0.154413
663,Jacqueline Falsworth,Jacqueline Falsworth,3,0.481659,0.512693,0,0.154413
667,"James Braddock, Sr","James Braddock, Sr",3,0.481659,0.512693,0,0.154413
670,Jane Hampshire,Jane Hampshire,3,0.481659,0.512693,0,0.154413
672,Jason Wyngarde,Jason Wyngarde,3,0.481659,0.512693,0,0.154413
694,John Stuart,John Stuart,3,0.481659,0.512693,0,0.154413
696,John Wilkes,John Wilkes,3,0.481659,0.512693,0,0.154413
725,Kathryn Worthington,Kathryn Worthington,3,0.481659,0.512693,0,0.154413
730,Kenneth Krask,Kenneth Krask,3,0.481659,0.512693,0,0.154413
731,Kevin Krask,Kevin Krask,3,0.481659,0.512693,0,0.154413
733,Kid Blackheart,Kid Blackheart,3,0.481659,0.512693,0,0.154413
756,Lady Grey,Lady Grey,3,0.481659,0.512693,0,0.154413
778,Liu Wo-Han,Liu Wo-Han,3,0.481659,0.512693,0,0.154413
791,Lord Braddock,Lord Braddock,3,0.481659,0.512693,0,0.154413
799,Lourdes Chantel,Lourdes Chantel,3,0.481659,0.512693,0,0.154413
825,Madeline Pryor,Madeline Pryor,3,0.481659,0.512693,0,0.154413
842,Malkin Grey,Malkin Grey,3,0.481659,0.512693,0,0.154413
851,Mandame Mondo,Mandame Mondo,3,0.481659,0.512693,0,0.154413
861,Margali Szardos,Margali Szardos,3,0.481659,0.512693,0,0.154413
894,Mercedes,Mercedes,3,0.481659,0.512693,0,0.154413
923,Molyneux,Molyneux,3,0.481659,0.512693,0,0.154413
929,Montgomery Falsworth,Montgomery Falsworth,3,0.481659,0.512693,0,0.154413
942,Mountjoy,Mountjoy,3,0.481659,0.512693,0,0.154413
945,Mr. Shaw,Mr. Shaw,3,0.481659,0.512693,0,0.154413
947,Ms. Cabot,Ms. Cabot,3,0.481659,0.512693,0,0.154413
997,Oliver Ryland,Oliver Ryland,3,0.481659,0.512693,0,0.154413
1018,Paris Seville,Paris Seville,3,0.481659,0.512693,0,0.154413
1020,Patrick Clemens,Patrick Clemens,3,0.481659,0.512693,0,0.154413
1081,Quentin Templeton,Quentin Templeton,3,0.481659,0.512693,0,0.154413
1142,Ronald Parvenue,Ronald Parvenue,3,0.481659,0.512693,0,0.154413
1157,Salome,Salome,3,0.481659,0.512693,0,0.154413
1225,Sir Francis Dashwood,Sir Francis Dashwood,3,0.481659,0.512693,0,0.154413
1305,Szandor Shaw,Szandor Shaw,3,0.481659,0.512693,0,0.154413
1334,The Philistine,The Philistine,3,0.481659,0.512693,0,0.154413
1351,Tin Man,Tin Man,3,0.481659,0.512693,0,0.154413
1371,Trevor Fitzroy,Trevor Fitzroy,3,0.481659,0.512693,0,0.154413
1381,Turner,Turner,3,0.481659,0.512693,0,0.154413
1415,Veronica Southern,Veronica Southern,3,0.481659,0.512693,0,0.154413
1433,Wallace,Wallace,3,0.481659,0.512693,0,0.154413
1434,Wallace Worthington,Wallace Worthington,3,0.481659,0.512693,0,0.154413
1436,Waltham Pierce,Waltham Pierce,3,0.481659,0.512693,0,0.154413
1446,Warren Worthington Jr,Warren Worthington Jr,3,0.481659,0.512693,0,0.154413
1453,Wendigo,Wendigo,3,0.481659,0.512693,0,0.154413
1466,Wilhelmina Kensington,Wilhelmina Kensington,3,0.481659,0.512693,0,0.154413
1479,Wolfgang von Roehm,Wolfgang von Roehm,3,0.481659,0.512693,0,0.154413
300,Constrictor,Constrictor,3,0.481045,0.518653,0.00082,0.126924
431,Eel,Eel,3,0.481045,0.528366,0.000666,0.171768
96,Aqueduct,Aqueduct,3,0.478909,0.523731,0.000345,0.164576
704,Joystick,Joystick,3,0.478909,0.523731,0.000345,0.164576
1082,Quicksand,Quicksand,3,0.478909,0.523731,0.000345,0.164576
1090,Radioactive Man,Radioactive Man,3,0.478909,0.523731,0.000345,0.164576
1241,Slyde,Slyde,3,0.478909,0.523731,0.000345,0.164576
936,Morg,Morg,3,0.478605,0.512252,0.002456,0.110594
626,Hydro-Man,Hydro-Man,3,0.478454,0.513024,0.000392,0.117897
1107,Red She-Hulk,Red She-Hulk,3,0.477697,0.497461,0.000177,0.102757
975,Nighthawk,Nighthawk,3,0.476943,0.495806,0.00039,0.083931
1345,Thundra,Thundra,3,0.476792,0.496137,0.000497,0.068241
77,Andromeda,Andromeda,3,0.47619,0.49415,0,0.080265
98,Aragorn,Aragorn,3,0.47619,0.49415,0,0.080265
281,Clea,Clea,3,0.47619,0.49415,0,0.080265
284,Cloud,Cloud,3,0.47619,0.49415,0,0.080265
367,Devil Slayer,Devil Slayer,3,0.47619,0.49415,0,0.080265
528,Gargoyle,Gargoyle,3,0.47619,0.49415,0,0.080265
639,Interloper,Interloper,3,0.47619,0.49415,0,0.080265
856,Manslaughter,Manslaughter,3,0.47619,0.49415,0,0.080265
1164,Sassafras,Sassafras,3,0.47619,0.49415,0,0.080265
189,Blob,Blob,3,0.47589,0.496799,0.00008,0.094456
313,Crimson Commando,Crimson Commando,3,0.47589,0.496799,0.00008,0.094456
364,Destiny,Destiny,3,0.47589,0.496799,0.00008,0.094456
1416,Vertigo,Vertigo,3,0.475291,0.494371,0.000705,0.059074
65,Alpha,Alpha,3,0.474843,0.494923,0,0.090124
116,Astra,Astra,3,0.474843,0.494923,0,0.090124
138,Basilisk,Basilisk,3,0.474843,0.494923,0,0.090124
226,Burner,Burner,3,0.474843,0.494923,0,0.090124
282,Cleevus,Cleevus,3,0.474843,0.494923,0,0.090124
770,Lifter,Lifter,3,0.474843,0.494923,0,0.090124
874,Mastermind,Mastermind,3,0.474843,0.494923,0,0.090124
999,Omega Black,Omega Black,3,0.474843,0.494923,0,0.090124
1002,Omega White,Omega White,3,0.474843,0.494923,0,0.090124
1031,Phantazia,Phantazia,3,0.474843,0.494923,0,0.090124
1048,Post,Post,3,0.474843,0.494923,0,0.090124
1152,Sabre,Sabre,3,0.474843,0.494923,0,0.090124
1192,Shadow King,Shadow King,3,0.474843,0.494923,0,0.090124
1392,Unus,Unus,3,0.474843,0.494923,0,0.090124
1463,Wild Child,Wild Child,3,0.474395,0.507616,0.001543,0.094737
227,Bushmaster,Bushmaster,3,0.473503,0.512252,0.000404,0.122551
649,Ironclad,Ironclad,3,0.472761,0.510596,0.000259,0.120236
1405,Vapor,Vapor,3,0.472761,0.510596,0.000259,0.120236
1407,Vector,Vector,3,0.472761,0.510596,0.000259,0.120236
1491,X-Ray,X-Ray,3,0.472761,0.510596,0.000259,0.120236
566,Grey Gargoyle,Grey Gargoyle,3,0.472466,0.513466,0.000394,0.12923
1176,Scorcher,Scorcher,3,0.471139,0.516887,0.00072,0.130479
1268,Squid,Squid,3,0.471139,0.516887,0.00072,0.130479
1198,"Sharon Ventura (Ms. Marvel, She-Thing)","Sharon Ventura (Ms. Marvel, She-Thing)",3,0.470112,0.488521,0.000145,0.049895
1165,Satana Hellstrom,Satana Hellstrom,3,0.467782,0.5,0.001558,0.096475
824,Madcap,Madcap,3,0.46677,0.502318,0.001151,0.109983
303,Copycat,Copycat,3,0.466481,0.496799,0.000269,0.097626
157,Bi-Beast,Bi-Beast,3,0.466193,0.505629,0.000426,0.112352
888,Melter (Bruno Horgan),Melter (Bruno Horgan),3,0.466193,0.505629,0.000426,0.112352
1059,Princess Python,Princess Python,3,0.464615,0.507506,0.000301,0.122352
1069,Puff Adder,Puff Adder,3,0.464615,0.507506,0.000301,0.122352
740,King Cobra,King Cobra,3,0.464472,0.497682,0.000198,0.099122
1098,Rattler,Rattler,3,0.464472,0.497682,0.000198,0.099122
419,Drax the Destroyer,Drax the Destroyer,3,0.464187,0.485541,0.000834,0.079359
754,Lady Bullseye,Lady Bullseye,3,0.463902,0.496358,0.001324,0.082591
418,Dragonfly,Dragonfly,3,0.463759,0.505519,0.000171,0.119628
575,Gypsy Moth,Gypsy Moth,3,0.463759,0.505519,0.000171,0.119628
1038,Piledriver,Piledriver,3,0.463759,0.505519,0.000171,0.119628
1348,Tiger Shark,Tiger Shark,3,0.463759,0.505519,0.000171,0.119628
1257,Speed Demon,Speed Demon,3,0.46319,0.500221,0.000457,0.106185
826,Madison Jeffries,Madison Jeffries,3,0.460506,0.493709,0.000679,0.069661
1166,Satannish,Satannish,3,0.458827,0.496578,0.001093,0.102185
1233,Skurge,Skurge,3,0.456607,0.494592,0.001459,0.102773
231,Cadaver,Cadaver,3,0.456193,0.474614,0,0.056351
983,Nomad (Jack Monroe),Nomad (Jack Monroe),3,0.456193,0.474614,0,0.056351
1190,Sepulchre,Sepulchre,3,0.456193,0.474614,0,0.056351
1237,Sleepwalker,Sleepwalker,3,0.456193,0.474614,0,0.056351
62,Alex Wilder,Alex Wilder,3,0.454682,0.489956,0,0.098175
71,Anachronism,Anachronism,3,0.454682,0.489956,0,0.098175
135,Baron Heinrich Zemo,Baron Heinrich Zemo,3,0.454682,0.489956,0,0.098175
163,Bison,Bison,3,0.454682,0.489956,0,0.098175
172,Black Talon,Black Talon,3,0.454682,0.489956,0,0.098175
191,Bloodstone,Bloodstone,3,0.454682,0.489956,0,0.098175
215,Brothers Grimm,Brothers Grimm,3,0.454682,0.489956,0,0.098175
242,Cardinal,Cardinal,3,0.454682,0.489956,0,0.098175
245,Carrion,Carrion,3,0.454682,0.489956,0,0.098175
264,Chase Stein,Chase Stein,3,0.454682,0.489956,0,0.098175
287,Coat of Arms,Coat of Arms,3,0.454682,0.489956,0,0.098175
314,Crimson Cowl,Crimson Cowl,3,0.454682,0.489956,0,0.098175
317,Crossfire,Crossfire,3,0.454682,0.489956,0,0.098175
349,Death Locket,Death Locket,3,0.454682,0.489956,0,0.098175
368,Diablo,Diablo,3,0.454682,0.489956,0,0.098175
432,Egghead,Egghead,3,0.454682,0.489956,0,0.098175
465,Excavator,Excavator,3,0.454682,0.489956,0,0.098175
466,Executioner,Executioner,3,0.454682,0.489956,0,0.098175
487,Firebrand,Firebrand,3,0.454682,0.489956,0,0.098175
498,Flying Tiger,Flying Tiger,3,0.454682,0.489956,0,0.098175
526,Gargantua,Gargantua,3,0.454682,0.489956,0,0.098175
568,Griffin,Griffin,3,0.454682,0.489956,0,0.098175
631,Icemaster,Icemaster,3,0.454682,0.489956,0,0.098175
758,Lady Stilt-Man,Lady Stilt-Man,3,0.454682,0.489956,0,0.098175
761,Lascivous,Lascivous,3,0.454682,0.489956,0,0.098175
768,Letha,Letha,3,0.454682,0.489956,0,0.098175
787,Lodestone,Lodestone,3,0.454682,0.489956,0,0.098175
817,Machinesmith,Machinesmith,3,0.454682,0.489956,0,0.098175
820,Madame Masque,Madame Masque,3,0.454682,0.489956,0,0.098175
836,Mako,Mako,3,0.454682,0.489956,0,0.098175
847,Man-Ape,Man-Ape,3,0.454682,0.489956,0,0.098175
882,Max-Fury,Max-Fury,3,0.454682,0.489956,0,0.098175
889,Melter (Christopher Colchiss),Melter (Christopher Colchiss),3,0.454682,0.489956,0,0.098175
911,Miss Coriander,Miss Coriander,3,0.454682,0.489956,0,0.098175
993,Oddball,Oddball,3,0.454682,0.489956,0,0.098175
1039,Pink Pearl,Pink Pearl,3,0.454682,0.489956,0,0.098175
1047,Porcupine,Porcupine,3,0.454682,0.489956,0,0.098175
1049,Powderkeg,Powderkeg,3,0.454682,0.489956,0,0.098175
1089,Radioactive Kid,Radioactive Kid,3,0.454682,0.489956,0,0.098175
1130,Ringer,Ringer,3,0.454682,0.489956,0,0.098175
1183,Screaming Mimi,Screaming Mimi,3,0.454682,0.489956,0,0.098175
1199,Shatterfist,Shatterfist,3,0.454682,0.489956,0,0.098175
1206,Shockwave,Shockwave,3,0.454682,0.489956,0,0.098175
1292,Sunstroke,Sunstroke,3,0.454682,0.489956,0,0.098175
1294,Supercharger,Supercharger,3,0.454682,0.489956,0,0.098175
1352,Tinkerer,Tinkerer,3,0.454682,0.489956,0,0.098175
1387,Ultron,Ultron,3,0.454682,0.489956,0,0.098175
1410,Vengeance,Vengeance,3,0.454682,0.489956,0,0.098175
1498,Yellowjacket (Rita DeMara),Yellowjacket (Rita DeMara),3,0.454682,0.489956,0,0.098175
54,Ajax,Ajax,3,0.453317,0.481788,0,0.054891
211,Brent Jackson,Brent Jackson,3,0.453317,0.481788,0,0.054891
228,Butler,Butler,3,0.453317,0.481788,0,0.054891
243,Carla,Carla,3,0.453317,0.481788,0,0.054891
341,David Andrews,David Andrews,3,0.453317,0.481788,0,0.054891
391,Dr. Abraham Cornelius,Dr. Abraham Cornelius,3,0.453317,0.481788,0,0.054891
392,Dr. Adam Harkins,Dr. Adam Harkins,3,0.453317,0.481788,0,0.054891
393,Dr. Alba,Dr. Alba,3,0.453317,0.481788,0,0.054891
395,Dr. Carol Hines,Dr. Carol Hines,3,0.453317,0.481788,0,0.054891
397,Dr. Dale Rice,Dr. Dale Rice,3,0.453317,0.481788,0,0.054891
399,Dr. Emrys Killebrew,Dr. Emrys Killebrew,3,0.453317,0.481788,0,0.054891
404,Dr. Martin Sutter,Dr. Martin Sutter,3,0.453317,0.481788,0,0.054891
406,Dr. Rich Duncan,Dr. Rich Duncan,3,0.453317,0.481788,0,0.054891
407,Dr. Robert Windsor,Dr. Robert Windsor,3,0.453317,0.481788,0,0.054891
409,Dr. Sarah Kinney,Dr. Sarah Kinney,3,0.453317,0.481788,0,0.054891
412,Dr. Vapor,Dr. Vapor,3,0.453317,0.481788,0,0.054891
414,Dr. Zander Rice,Dr. Zander Rice,3,0.453317,0.481788,0,0.054891
415,Dr. Zanna Zira,Dr. Zanna Zira,3,0.453317,0.481788,0,0.054891
451,Endo,Endo,3,0.453317,0.481788,0,0.054891
476,Fantomelle,Fantomelle,3,0.453317,0.481788,0,0.054891
505,Franklin Edwards,Franklin Edwards,3,0.453317,0.481788,0,0.054891
660,Jack-in-the-Box,Jack-in-the-Box,3,0.453317,0.481788,0,0.054891
691,John,John,3,0.453317,0.481788,0,0.054891
693,John Merchant,John Merchant,3,0.453317,0.481788,0,0.054891
695,John Sublime,John Sublime,3,0.453317,0.481788,0,0.054891
697,"John Wraith (Wraith, Kestrel)","John Wraith (Wraith, Kestrel)",3,0.453317,0.481788,0,0.054891
708,Junk,Junk,3,0.453317,0.481788,0,0.054891
718,Kane,Kane,3,0.453317,0.481788,0,0.054891
739,Kimura,Kimura,3,0.453317,0.481788,0,0.054891
832,Major Arthur Barrington,Major Arthur Barrington,3,0.453317,0.481788,0,0.054891
839,Malcolm Colcord,Malcolm Colcord,3,0.453317,0.481788,0,0.054891
875,Mastodon,Mastodon,3,0.453317,0.481788,0,0.054891
880,Mauvais,Mauvais,3,0.453317,0.481788,0,0.054891
881,Maverick,Maverick,3,0.453317,0.481788,0,0.054891
944,Mr. Murray,Mr. Murray,3,0.453317,0.481788,0,0.054891
946,Mr. Willoughby,Mr. Willoughby,3,0.453317,0.481788,0,0.054891
959,Native,Native,3,0.453317,0.481788,0,0.054891
965,Neuro,Neuro,3,0.453317,0.481788,0,0.054891
996,Ogun,Ogun,3,0.453317,0.481788,0,0.054891
1062,Professor Thornton,Professor Thornton,3,0.453317,0.481788,0,0.054891
1100,Reaper,Reaper,3,0.453317,0.481788,0,0.054891
1140,Romulus,Romulus,3,0.453317,0.481788,0,0.054891
1150,S.H.I.V.A.,S.H.I.V.A.,3,0.453317,0.481788,0,0.054891
1207,Shogun,Shogun,3,0.453317,0.481788,0,0.054891
1230,Skel,Skel,3,0.453317,0.481788,0,0.054891
1236,Slayback,Slayback,3,0.453317,0.481788,0,0.054891
1240,Sluggo,Sluggo,3,0.453317,0.481788,0,0.054891
1329,The Director,The Director,3,0.453317,0.481788,0,0.054891
1335,The Professor,The Professor,3,0.453317,0.481788,0,0.054891
1356,Todd Ziller,Todd Ziller,3,0.453317,0.481788,0,0.054891
1385,Ultimaton,Ultimaton,3,0.453317,0.481788,0,0.054891
1449,Washout,Washout,3,0.453317,0.481788,0,0.054891
1465,Wildside,Wildside,3,0.453317,0.481788,0,0.054891
1470,William Stryker,William Stryker,3,0.453317,0.481788,0,0.054891
1484,Worm,Worm,3,0.453317,0.481788,0,0.054891
1509,Zona Cluster-6,Zona Cluster-6,3,0.453317,0.481788,0,0.054891
1235,Slapstick,Slapstick,3,0.451825,0.477042,0.000371,0.04588
55,Ajaxis,Ajaxis,3,0.45142,0.483554,0,0.089779
67,Amazon,Amazon,3,0.45142,0.483554,0,0.089779
177,Blackheath,Blackheath,3,0.45142,0.483554,0,0.089779
178,Blacklash,Blacklash,3,0.45142,0.483554,0,0.089779
188,Blizzard,Blizzard,3,0.45142,0.483554,0,0.089779
192,Bloodstrike,Bloodstrike,3,0.45142,0.483554,0,0.089779
224,Bullseye,Bullseye,3,0.45142,0.483554,0,0.089779
252,Centurius,Centurius,3,0.45142,0.483554,0,0.089779
260,Charcoal,Charcoal,3,0.45142,0.483554,0,0.089779
288,Cobalt Man,Cobalt Man,3,0.45142,0.483554,0,0.089779
306,Coronary,Coronary,3,0.45142,0.483554,0,0.089779
543,Ghost,Ghost,3,0.45142,0.483554,0,0.089779
565,Green Goblin,Green Goblin,3,0.45142,0.483554,0,0.089779
570,Grizzly,Grizzly,3,0.45142,0.483554,0,0.089779
583,Harrier,Harrier,3,0.45142,0.483554,0,0.089779
593,Headsman,Headsman,3,0.45142,0.483554,0,0.089779
682,Jester,Jester,3,0.45142,0.483554,0,0.089779
699,Jolt,Jolt,3,0.45142,0.483554,0,0.089779
745,Kobik,Kobik,3,0.45142,0.483554,0,0.089779
755,Lady Deathstrike,Lady Deathstrike,3,0.45142,0.483554,0,0.089779
813,Mach-IV,Mach-IV,3,0.45142,0.483554,0,0.089779
814,Mach-X,Mach-X,3,0.45142,0.483554,0,0.089779
917,Mister X,Mister X,3,0.45142,0.483554,0,0.089779
926,Mongoose,Mongoose,3,0.45142,0.483554,0,0.089779
1015,Ox,Ox,3,0.45142,0.483554,0,0.089779
1017,Paladin,Paladin,3,0.45142,0.483554,0,0.089779
1056,Pretty Persuasions,Pretty Persuasions,3,0.45142,0.483554,0,0.089779
1073,Punisher Photon,Punisher Photon,3,0.45142,0.483554,0,0.089779
1106,Red Ronin,Red Ronin,3,0.45142,0.483554,0,0.089779
1161,Santana,Santana,3,0.45142,0.483554,0,0.089779
1243,Smiling Tiger,Smiling Tiger,3,0.45142,0.483554,0,0.089779
1244,Smuggler,Smuggler,3,0.45142,0.483554,0,0.089779
1245,Snake Marston,Snake Marston,3,0.45142,0.483554,0,0.089779
1316,Tatterdemalion,Tatterdemalion,3,0.45142,0.483554,0,0.089779
1326,Texas Twister,Texas Twister,3,0.45142,0.483554,0,0.089779
1376,Troll,Troll,3,0.45142,0.483554,0,0.089779
1390,Unicorn,Unicorn,3,0.45142,0.483554,0,0.089779
1404,Vantage,Vantage,3,0.45142,0.483554,0,0.089779
1414,Vermin,Vermin,3,0.45142,0.483554,0,0.089779
1068,Puck,Puck,3,0.44847,0.473179,0.000381,0.073505
916,Mister Sinister,Mister Sinister,3,0.448071,0.471744,0.000108,0.055236
435,Electro,Electro,3,0.447673,0.475607,0.000388,0.046409
1263,Spiral,Spiral,3,0.445954,0.466667,0.000053,0.06771
350,Deathbird,Deathbird,3,0.444903,0.468433,0.000534,0.043248
436,Elektra,Elektra,3,0.444379,0.468874,0.000223,0.042049
94,Apocalypse (En Sabah Nur),Apocalypse (En Sabah Nur),3,0.443987,0.466777,0.001755,0.033479
989,Nova (Sam Alexander),Nova (Sam Alexander),3,0.443465,0.474062,0.002553,0.036742
95,Apocalypse Twins,Apocalypse Twins,3,0.442167,0.462141,0,0.030161
121,Autumn Rolfson,Autumn Rolfson,3,0.442167,0.462141,0,0.030161
347,Death (Sanjar Javeed),Death (Sanjar Javeed),3,0.442167,0.462141,0,0.030161
474,Famine (Jeb Lee),Famine (Jeb Lee),3,0.442167,0.462141,0,0.030161
475,Famine (Roderick Campbell),Famine (Roderick Campbell),3,0.442167,0.462141,0,0.030161
538,Genocide,Genocide,3,0.442167,0.462141,0,0.030161
1026,Pestilence (Ichisumi),Pestilence (Ichisumi),3,0.442167,0.462141,0,0.030161
1027,Pestilence (Phantom Bats of the Twelve Minds),Pestilence (Phantom Bats of the Twelve Minds),3,0.442167,0.462141,0,0.030161
1028,Pestilence (Plague),Pestilence (Plague),3,0.442167,0.462141,0,0.030161
1437,War (Abraham Kieros),War (Abraham Kieros),3,0.442167,0.462141,0,0.030161
1438,War (Decimus Furius),War (Decimus Furius),3,0.442167,0.462141,0,0.030161
1439,War (Gazer),War (Gazer),3,0.442167,0.462141,0,0.030161
788,Loki Laufeyson,Loki Laufeyson,3,0.440876,0.459713,0.000007,0.043377
1029,Pete Wisdom,Pete Wisdom,3,0.440362,0.465011,0.000044,0.086004
987,Nova (Frankie Raye),Nova (Frankie Raye),3,0.438953,0.461589,0.000164,0.041739
126,Azuma Goda,Azuma Goda,3,0.438826,0.462583,0,0.036639
127,Azumi Ozawa,Azumi Ozawa,3,0.438826,0.462583,0,0.036639
128,Bakuto,Bakuto,3,0.438826,0.462583,0,0.036639
168,Black Lotus,Black Lotus,3,0.438826,0.462583,0,0.036639
173,Black Tarantula,Black Tarantula,3,0.438826,0.462583,0,0.036639
266,Cherry Blossom,Cherry Blossom,3,0.438826,0.462583,0,0.036639
272,Chuck the Dwarf,Chuck the Dwarf,3,0.438826,0.462583,0,0.036639
293,Colleen Wing,Colleen Wing,3,0.438826,0.462583,0,0.036639
490,Fist,Fist,3,0.438826,0.462583,0,0.036639
606,Hiroshi,Hiroshi,3,0.438826,0.462583,0,0.036639
653,Izanagi,Izanagi,3,0.438826,0.462583,0,0.036639
700,Jonin,Jonin,3,0.438826,0.462583,0,0.036639
713,Kagenobu Yoshioka,Kagenobu Yoshioka,3,0.438826,0.462583,0,0.036639
741,Kingpin,Kingpin,3,0.438826,0.462583,0,0.036639
801,Lu Wei,Lu Wei,3,0.438826,0.462583,0,0.036639
837,Makoto,Makoto,3,0.438826,0.462583,0,0.036639
838,Makro,Makro,3,0.438826,0.462583,0,0.036639
852,Mandarin,Mandarin,3,0.438826,0.462583,0,0.036639
877,Matsu'o Tsurayaba,Matsu'o Tsurayaba,3,0.438826,0.462583,0,0.036639
1111,Reflex,Reflex,3,0.438826,0.462583,0,0.036639
1307,Takashi,Takashi,3,0.438826,0.462583,0,0.036639
1346,Tiberius Stone,Tiberius Stone,3,0.438826,0.462583,0,0.036639
1383,Typhoid Mary,Typhoid Mary,3,0.438826,0.462583,0,0.036639
1495,Yagyu Kojiro,Yagyu Kojiro,3,0.438826,0.462583,0,0.036639
1500,Yuki,Yuki,3,0.438826,0.462583,0,0.036639
1502,Yutaka,Yutaka,3,0.438826,0.462583,0,0.036639
9,Aegis,Aegis,3,0.438189,0.462693,0,0.033723
53,Aja,Aja,3,0.438189,0.462693,0,0.033723
199,Bolt,Bolt,3,0.438189,0.462693,0,0.033723
353,Debrii,Debrii,3,0.438189,0.462693,0,0.033723
355,Decibel,Decibel,3,0.438189,0.462693,0,0.033723
534,Gauntlet,Gauntlet,3,0.438189,0.462693,0,0.033723
560,Grace,Grace,3,0.438189,0.462693,0,0.033723
576,Haechi,Haechi,3,0.438189,0.462693,0,0.033723
597,Helix,Helix,3,0.438189,0.462693,0,0.033723
621,Hummingbird,Hummingbird,3,0.438189,0.462693,0,0.033723
727,Kaz,Kaz,3,0.438189,0.462693,0,0.033723
790,Longstrike,Longstrike,3,0.438189,0.462693,0,0.033723
901,Microbe,Microbe,3,0.438189,0.462693,0,0.033723
972,Night Thrasher (Donyell Taylor),Night Thrasher (Donyell Taylor),3,0.438189,0.462693,0,0.033723
1032,Phaser,Phaser,3,0.438189,0.462693,0,0.033723
1053,Powerpax,Powerpax,3,0.438189,0.462693,0,0.033723
1114,Renascence,Renascence,3,0.438189,0.462693,0,0.033723
1132,Ripcord,Ripcord,3,0.438189,0.462693,0,0.033723
1172,Scarlet Spider (Ben Reilly),Scarlet Spider (Ben Reilly),3,0.438189,0.462693,0,0.033723
1173,Scarlet Spider (Kaine Parker),Scarlet Spider (Kaine Parker),3,0.438189,0.462693,0,0.033723
1212,Silhouette,Silhouette,3,0.438189,0.462693,0,0.033723
1234,Skybolt,Skybolt,3,0.438189,0.462693,0,0.033723
1258,Speedball (Darrion Grobe),Speedball (Darrion Grobe),3,0.438189,0.462693,0,0.033723
1288,Sun Girl,Sun Girl,3,0.438189,0.462693,0,0.033723
1320,Tempest,Tempest,3,0.438189,0.462693,0,0.033723
1350,Timeslip,Timeslip,3,0.438189,0.462693,0,0.033723
1378,Turbo (Michiko Musashi),Turbo (Michiko Musashi),3,0.438189,0.462693,0,0.033723
1386,Ultragirl,Ultragirl,3,0.438189,0.462693,0,0.033723
1452,Water Snake,Water Snake,3,0.438189,0.462693,0,0.033723
1483,Wondra,Wondra,3,0.438189,0.462693,0,0.033723
1051,Power Woman,Power Woman,3,0.437174,0.456071,0,0.044227
1144,Ronin,Ronin,3,0.437174,0.456071,0,0.044227
106,Armadillo,Armadillo,3,0.435786,0.471634,0.000199,0.066075
285,Clown,Clown,3,0.435786,0.471634,0.000199,0.066075
750,Kraven the Hunter,Kraven the Hunter,3,0.435786,0.471634,0.000199,0.066075
411,Dr. Valerie Cooper,Dr. Valerie Cooper,3,0.434657,0.455188,0.000045,0.034813
480,Feral,Feral,3,0.433659,0.473068,0.00051,0.113858
151,Bentley-23,Bentley-23,3,0.433534,0.455298,0,0.026037
181,Blastaar,Blastaar,3,0.433534,0.455298,0,0.026037
535,Gazele,Gazele,3,0.433534,0.455298,0,0.026037
784,Llyra,Llyra,3,0.433534,0.455298,0,0.026037
809,Lyra,Lyra,3,0.433534,0.455298,0,0.026037
1116,Reptilla,Reptilla,3,0.433534,0.455298,0,0.026037
1295,Superior Carnage,Superior Carnage,3,0.433534,0.455298,0,0.026037
1327,The Brute,The Brute,3,0.433534,0.455298,0,0.026037
1337,The Wizard,The Wizard,3,0.433534,0.455298,0,0.026037
1368,Trapster,Trapster,3,0.433534,0.455298,0,0.026037
165,Black Bolt,Black Bolt,3,0.431922,0.450331,0,0.031196
112,Artie Maddicks,Artie Maddicks,3,0.43069,0.458057,0.000526,0.068023
72,Anaconda,Anaconda,3,0.429221,0.460265,0.000032,0.052877
204,Boomslang,Boomslang,3,0.429221,0.460265,0.000032,0.052877
286,Coachwhip,Coachwhip,3,0.429221,0.460265,0.000032,0.052877
289,Cobra,Cobra,3,0.429221,0.460265,0.000032,0.052877
309,Cottonmouth,Cottonmouth,3,0.429221,0.460265,0.000032,0.052877
348,Death Adder,Death Adder,3,0.429221,0.460265,0.000032,0.052877
478,Fer-de-Lance,Fer-de-Lance,3,0.429221,0.460265,0.000032,0.052877
1209,Sidewinder,Sidewinder,3,0.429221,0.460265,0.000032,0.052877
134,Baron Blood,Baron Blood,3,0.428247,0.457616,0,0.04847
195,Blue Streak,Blue Streak,3,0.428247,0.457616,0,0.04847
217,Bruto the Strongman,Bruto the Strongman,3,0.428247,0.457616,0,0.04847
310,Count Nefaria,Count Nefaria,3,0.428247,0.457616,0,0.04847
479,Fera,Fera,3,0.428247,0.457616,0,0.04847
485,Fire-Eater,Fire-Eater,3,0.428247,0.457616,0,0.04847
562,Graviton,Graviton,3,0.428247,0.457616,0,0.04847
564,Great Gambonnos,Great Gambonnos,3,0.428247,0.457616,0,0.04847
780,Living Laser,Living Laser,3,0.428247,0.457616,0,0.04847
821,Madame Menace,Madame Menace,3,0.428247,0.457616,0,0.04847
979,Nitro,Nitro,3,0.428247,0.457616,0,0.04847
1112,Regent,Regent,3,0.428247,0.457616,0,0.04847
1131,Ringmaster,Ringmaster,3,0.428247,0.457616,0,0.04847
1319,Teena the Fat Lady,Teena the Fat Lady,3,0.428247,0.457616,0,0.04847
1476,Wizard,Wizard,3,0.428247,0.457616,0,0.04847
1497,Yellowjacket (Darren Cross),Yellowjacket (Darren Cross),3,0.428247,0.457616,0,0.04847
1129,Rictor,Rictor,3,0.428126,0.456843,0.000077,0.115375
322,Cul Borson,Cul Borson,3,0.427883,0.448896,0.000277,0.020103
149,Benjamin Deeds,Benjamin Deeds,3,0.426433,0.449338,0,0.081165
105,Aries,Aries,3,0.424873,0.446358,0,0.033327
125,Azimuth,Azimuth,3,0.424873,0.446358,0,0.033327
190,Blockbuster,Blockbuster,3,0.424873,0.446358,0,0.033327
290,Coda,Coda,3,0.424873,0.446358,0,0.033327
579,Hans,Hans,3,0.424873,0.446358,0,0.033327
582,Harpoon,Harpoon,3,0.424873,0.446358,0,0.033327
840,Malice,Malice,3,0.424873,0.446358,0,0.033327
1133,Riptide,Riptide,3,0.424873,0.446358,0,0.033327
1298,Susan Hatchi,Susan Hatchi,3,0.424873,0.446358,0,0.033327
118,Attuma,Attuma,3,0.424515,0.442494,0,0.014227
241,Captain UK,Captain UK,3,0.421788,0.443709,0,0.044054
254,Cerise,Cerise,3,0.421788,0.443709,0,0.044054
320,Crusader X,Crusader X,3,0.421788,0.443709,0,0.044054
343,Daytripper,Daytripper,3,0.421788,0.443709,0,0.044054
481,Feron,Feron,3,0.421788,0.443709,0,0.044054
884,Meggan,Meggan,3,0.421788,0.443709,0,0.044054
1224,Sir Benedict,Sir Benedict,3,0.421788,0.443709,0,0.044054
1462,Widget,Widget,3,0.421788,0.443709,0,0.044054
1149,Rusty Collins,Rusty Collins,3,0.421317,0.45298,0.000287,0.090055
1332,The Hood,The Hood,3,0.419794,0.437638,0,0.013023
52,Air-Walker,Air-Walker,3,0.418747,0.446137,0.001491,0.017926
488,Firelord,Firelord,3,0.418747,0.446137,0.001491,0.017926
59,Alex,Alex,3,0.417704,0.450221,0,0.04331
82,Annalee,Annalee,3,0.417704,0.450221,0,0.04331
93,Ape,Ape,3,0.417704,0.450221,0,0.04331
152,Bertram,Bertram,3,0.417704,0.450221,0,0.04331
153,Berzerker,Berzerker,3,0.417704,0.450221,0,0.04331
187,Bliss,Bliss,3,0.417704,0.450221,0,0.04331
193,Blow-Hard,Blow-Hard,3,0.417704,0.450221,0,0.04331
205,Boost,Boost,3,0.417704,0.450221,0,0.04331
207,Bouncer,Bouncer,3,0.417704,0.450221,0,0.04331
210,Brain Cell,Brain Cell,3,0.417704,0.450221,0,0.04331
216,Brute,Brute,3,0.417704,0.450221,0,0.04331
221,Bulk,Bulk,3,0.417704,0.450221,0,0.04331
233,Callisto,Callisto,3,0.417704,0.450221,0,0.04331
246,Carver,Carver,3,0.417704,0.450221,0,0.04331
267,Chicken Wings,Chicken Wings,3,0.417704,0.450221,0,0.04331
323,Cybelle,Cybelle,3,0.417704,0.450221,0,0.04331
326,D'Gard,D'Gard,3,0.417704,0.450221,0,0.04331
359,Delphi,Delphi,3,0.417704,0.450221,0,0.04331
428,Ed,Ed,3,0.417704,0.450221,0,0.04331
454,Ent,Ent,3,0.417704,0.450221,0,0.04331
463,Ever,Ever,3,0.417704,0.450221,0,0.04331
594,Healer,Healer,3,0.417704,0.450221,0,0.04331
600,Hemingway,Hemingway,3,0.417704,0.450221,0,0.04331
622,Hump,Hump,3,0.417704,0.450221,0,0.04331
638,Integer,Integer,3,0.417704,0.450221,0,0.04331
645,Iron Maiden,Iron Maiden,3,0.417704,0.450221,0,0.04331
650,Irving,Irving,3,0.417704,0.450221,0,0.04331
685,Jo,Jo,3,0.417704,0.450221,0,0.04331
689,Joe Bugs,Joe Bugs,3,0.417704,0.450221,0,0.04331
690,Joey,Joey,3,0.417704,0.450221,0,0.04331
771,Lightning Bug,Lightning Bug,3,0.417704,0.450221,0,0.04331
798,Loss,Loss,3,0.417704,0.450221,0,0.04331
863,Marilou,Marilou,3,0.417704,0.450221,0,0.04331
864,Marked Man,Marked Man,3,0.417704,0.450221,0,0.04331
890,Membrain,Membrain,3,0.417704,0.450221,0,0.04331
891,MeMe,MeMe,3,0.417704,0.450221,0,0.04331
912,Missy,Missy,3,0.417704,0.450221,0,0.04331
920,Mole,Mole,3,0.417704,0.450221,0,0.04331
928,Monte,Monte,3,0.417704,0.450221,0,0.04331
940,Mother Inferior,Mother Inferior,3,0.417704,0.450221,0,0.04331
1007,Opsidian,Opsidian,3,0.417704,0.450221,0,0.04331
1025,Pester,Pester,3,0.417704,0.450221,0,0.04331
1041,Piper,Piper,3,0.417704,0.450221,0,0.04331
1043,Plague,Plague,3,0.417704,0.450221,0,0.04331
1085,Qwerty,Qwerty,3,0.417704,0.450221,0,0.04331
1118,Revelation,Revelation,3,0.417704,0.450221,0,0.04331
1120,Reverb,Reverb,3,0.417704,0.450221,0,0.04331
1159,Samson,Samson,3,0.417704,0.450221,0,0.04331
1169,Scaleface,Scaleface,3,0.417704,0.450221,0,0.04331
1253,Soteira,Soteira,3,0.417704,0.450221,0,0.04331
1284,Strigor,Strigor,3,0.417704,0.450221,0,0.04331
1289,Sunder,Sunder,3,0.417704,0.450221,0,0.04331
1312,Tar Baby,Tar Baby,3,0.417704,0.450221,0,0.04331
1325,Tether,Tether,3,0.417704,0.450221,0,0.04331
1359,Tommy,Tommy,3,0.417704,0.450221,0,0.04331
1417,Vessel,Vessel,3,0.417704,0.450221,0,0.04331
1488,Wynter,Wynter,3,0.417704,0.450221,0,0.04331
1505,Zeek,Zeek,3,0.417704,0.450221,0,0.04331
218,Bucky (Fred Davis Jr),Bucky (Fred Davis Jr),3,0.417127,0.442384,0.000316,0.021688
365,Destroyer,Destroyer,3,0.417127,0.442384,0.000316,0.021688
643,Iron Cross,Iron Cross,3,0.417127,0.442384,0.000316,0.021688
1215,Silver Scorpion,Silver Scorpion,3,0.417127,0.442384,0.000316,0.021688
1264,Spitfire,Spitfire,3,0.417127,0.442384,0.000316,0.021688
1391,Union Jack,Union Jack,3,0.417127,0.442384,0.000316,0.021688
1003,Omega/The Collective,Omega/The Collective,3,0.416782,0.43543,0,0.019728
949,Ms. Thing,Ms. Thing,3,0.416667,0.441722,0.000045,0.039477
909,Mirage,Mirage,3,0.415063,0.439294,0.000048,0.061718
99,Archer,Archer,3,0.414266,0.434327,0,0.025569
492,Fixx,Fixx,3,0.414266,0.434327,0,0.025569
567,Greystone,Greystone,3,0.414266,0.434327,0,0.025569
1195,Shard,Shard,3,0.414266,0.434327,0,0.025569
366,Devil Dinosaur,Devil Dinosaur,3,0.413472,0.434437,0,0.031552
496,Flux,Flux,3,0.413472,0.434437,0,0.031552
930,Moon Girl,Moon Girl,3,0.413472,0.434437,0,0.031552
144,Bedlam,Bedlam,3,0.412681,0.434547,0,0.048046
354,Decay,Decay,3,0.412118,0.438631,0.000055,0.035858
90,Anti-Man,Anti-Man,3,0.411108,0.431898,0,0.01301
473,Fallen One,Fallen One,3,0.411108,0.431898,0,0.01301
518,Gah Lak Tus,Gah Lak Tus,3,0.411108,0.431898,0,0.01301
520,Galactus,Galactus,3,0.411108,0.431898,0,0.01301
724,Kathisul Evin,Kathisul Evin,3,0.411108,0.431898,0,0.01301
1054,Praeter,Praeter,3,0.411108,0.431898,0,0.01301
1102,Recorder,Recorder,3,0.411108,0.431898,0,0.01301
1108,Red Shift,Red Shift,3,0.411108,0.431898,0,0.01301
1275,Stardust,Stardust,3,0.411108,0.431898,0,0.01301
1323,Terrax the Tamer,Terrax the Tamer,3,0.411108,0.431898,0,0.01301
161,Bird Boy,Bird Boy,3,0.409325,0.431678,0,0.05279
559,Gosamyr,Gosamyr,3,0.409325,0.431678,0,0.05279
1282,Stonewall,Stonewall,3,0.40866,0.427704,0,0.012461
1293,Super Sabre,Super Sabre,3,0.40866,0.427704,0,0.012461
182,Blazing Skull,Blazing Skull,3,0.408108,0.428477,0,0.016691
619,Human Torch (Android),Human Torch (Android),3,0.408108,0.428477,0,0.016691
1088,Radiance,Radiance,3,0.408108,0.428477,0,0.016691
1363,Toro,Toro,3,0.408108,0.428477,0,0.016691
1469,William Naslund,William Naslund,3,0.408108,0.428477,0,0.016691
525,Gamora,Gamora,3,0.407888,0.429581,0.000143,0.025339
1274,Star-Lord,Star-Lord,3,0.407888,0.429581,0.000143,0.025339
499,Foolkiller,Foolkiller,3,0.404609,0.424283,0,0.012393
558,Gorilla-Man,Gorilla-Man,3,0.404609,0.424283,0,0.012393
871,Masacre,Masacre,3,0.404609,0.424283,0,0.012393
961,Negasonic Teenage Warhead,Negasonic Teenage Warhead,3,0.404609,0.424283,0,0.012393
1249,Solo,Solo,3,0.404609,0.424283,0,0.012393
1324,Terror,Terror,3,0.404609,0.424283,0,0.012393
596,Hela,Hela,3,0.404284,0.427925,0.000357,0.013103
410,Dr. Toni Ho,Dr. Toni Ho,3,0.402452,0.423179,0.000004,0.025687
1459,White Tiger (Aya Ayala),White Tiger (Aya Ayala),3,0.402345,0.424614,0.000125,0.023219
270,Chris Quinn,Chris Quinn,3,0.401916,0.421523,0,0.025002
403,Dr. Mandy O'Connor,Dr. Mandy O'Connor,3,0.401916,0.421523,0,0.025002
6,Adam Warlock,Adam Warlock,3,0.400637,0.421302,0,0.023193
81,Angela,Angela,3,0.400637,0.421302,0,0.023193
220,Bug,Bug,3,0.400637,0.421302,0,0.023193
571,Groot,Groot,3,0.400637,0.421302,0,0.023193
835,Major Victory,Major Victory,3,0.400637,0.421302,0,0.023193
868,Martyr,Martyr,3,0.400637,0.421302,0,0.023193
1136,Rocket Raccoon,Rocket Raccoon,3,0.400637,0.421302,0,0.023193
405,Dr. Max Brashear,Dr. Max Brashear,3,0.400212,0.419757,0,0.017983
585,Harry Daze,Harry Daze,3,0.400212,0.419757,0,0.017983
1175,Scientist Supreme,Scientist Supreme,3,0.400212,0.419757,0,0.017983
1353,Tippy-Toe,Tippy-Toe,3,0.400212,0.419757,0,0.017983
251,Centennial,Centennial,3,0.4,0.423289,0,0.018295
426,Earthmover,Earthmover,3,0.4,0.423289,0,0.018295
495,Flex,Flex,3,0.4,0.423289,0,0.018295
544,Ghost Girl,Ghost Girl,3,0.4,0.423289,0,0.018295
549,Goblyn,Goblyn,3,0.4,0.423289,0,0.018295
573,Guardian,Guardian,3,0.4,0.423289,0,0.018295
834,Major Mapleleaf,Major Mapleleaf,3,0.4,0.423289,0,0.018295
850,Manbot,Manbot,3,0.4,0.423289,0,0.018295
859,Mar,Mar,3,0.4,0.423289,0,0.018295
865,Marrina,Marrina,3,0.4,0.423289,0,0.018295
951,Murmur,Murmur,3,0.4,0.423289,0,0.018295
962,Nemesis,Nemesis,3,0.4,0.423289,0,0.018295
1024,Persuasion,Persuasion,3,0.4,0.423289,0,0.018295
1091,Radius,Radius,3,0.4,0.423289,0,0.018295
1163,Sasquatch,Sasquatch,3,0.4,0.423289,0,0.018295
1193,Shaman,Shaman,3,0.4,0.423289,0,0.018295
1247,Snowbird,Snowbird,3,0.4,0.423289,0,0.018295
1308,Talisman,Talisman,3,0.4,0.423289,0,0.018295
1424,Vindicator,Vindicator,3,0.4,0.423289,0,0.018295
1471,Windshear,Windshear,3,0.4,0.423289,0,0.018295
1489,Wyre,Wyre,3,0.4,0.423289,0,0.018295
1501,Yukon Jack,Yukon Jack,3,0.4,0.423289,0,0.018295
7,Adolf Impossible,Adolf Impossible,3,0.399577,0.422185,0,0.026152
50,Ahura,Ahura,3,0.399577,0.422185,0,0.026152
61,Alex Power,Alex Power,3,0.399577,0.422185,0,0.026152
150,Bentley,Bentley,3,0.399577,0.422185,0,0.026152
394,Dr. Calvin Cooley,Dr. Calvin Cooley,3,0.399577,0.422185,0,0.026152
416,Dragon Man,Dragon Man,3,0.399577,0.422185,0,0.026152
747,Korr,Korr,3,0.399577,0.422185,0,0.026152
808,Luna,Luna,3,0.399577,0.422185,0,0.026152
903,Mik,Mik,3,0.399577,0.422185,0,0.026152
1005,Onome,Onome,3,0.399577,0.422185,0,0.026152
1360,Tong,Tong,3,0.399577,0.422185,0,0.026152
1380,Turg,Turg,3,0.399577,0.422185,0,0.026152
1398,Valeria Richards,Valeria Richards,3,0.399577,0.422185,0,0.026152
1420,Vil,Vil,3,0.399577,0.422185,0,0.026152
1487,Wu,Wu,3,0.399577,0.422185,0,0.026152
83,Anne-Marie Cotrez,Anne-Marie Cotrez,3,0.398838,0.423841,0,0.025193
132,Barnacle,Barnacle,3,0.398838,0.423841,0,0.025193
271,Chrome,Chrome,3,0.398838,0.423841,0,0.025193
357,Delgado,Delgado,3,0.398838,0.423841,0,0.025193
456,Eric Kleinstock,Eric Kleinstock,3,0.398838,0.423841,0,0.025193
470,Fabian Cortez,Fabian Cortez,3,0.398838,0.423841,0,0.025193
527,Gargouille,Gargouille,3,0.398838,0.423841,0,0.025193
581,Harlan Kleinstock,Harlan Kleinstock,3,0.398838,0.423841,0,0.025193
674,Javitz,Javitz,3,0.398838,0.423841,0,0.025193
686,Joanna Cargill,Joanna Cargill,3,0.398838,0.423841,0,0.025193
717,Kamal,Kamal,3,0.398838,0.423841,0,0.025193
726,Katu,Katu,3,0.398838,0.423841,0,0.025193
887,Mellencamp,Mellencamp,3,0.398838,0.423841,0,0.025193
905,Milan,Milan,3,0.398838,0.423841,0,0.025193
956,Nance Winters,Nance Winters,3,0.398838,0.423841,0,0.025193
963,Neophyte,Neophyte,3,0.398838,0.423841,0,0.025193
1001,Omega Sentinel,Omega Sentinel,3,0.398838,0.423841,0,0.025193
1008,Orator,Orator,3,0.398838,0.423841,0,0.025193
1064,Projector,Projector,3,0.398838,0.423841,0,0.025193
1094,Rakkus,Rakkus,3,0.398838,0.423841,0,0.025193
1113,Rem-Ram,Rem-Ram,3,0.398838,0.423841,0,0.025193
1171,Scanner,Scanner,3,0.398838,0.423841,0,0.025193
1189,Senyaka,Senyaka,3,0.398838,0.423841,0,0.025193
1265,Spoor,Spoor,3,0.398838,0.423841,0,0.025193
1277,Static,Static,3,0.398838,0.423841,0,0.025193
1299,Sven Kleinstock,Sven Kleinstock,3,0.398838,0.423841,0,0.025193
1393,Unuscione,Unuscione,3,0.398838,0.423841,0,0.025193
1423,Vindaloo,Vindaloo,3,0.398838,0.423841,0,0.025193
1,8-Ball,8-Ball,4,0.394153,0.41915,0,0.023485
200,Bombshell (Lana Baumgartner),Bombshell (Lana Baumgartner),4,0.394153,0.41915,0,0.023485
201,Bombshell (Lori Baumgartner),Bombshell (Lori Baumgartner),4,0.394153,0.41915,0,0.023485
358,Delilah,Delilah,4,0.394153,0.41915,0,0.023485
497,Fly,Fly,4,0.394153,0.41915,0,0.023485
550,Gog,Gog,4,0.394153,0.41915,0,0.023485
648,Iron Spider,Iron Spider,4,0.394153,0.41915,0,0.023485
719,Kangaroo,Kangaroo,4,0.394153,0.41915,0,0.023485
779,Living Brain,Living Brain,4,0.394153,0.41915,0,0.023485
783,Lizard,Lizard,4,0.394153,0.41915,0,0.023485
846,Man Mountain Marko,Man Mountain Marko,4,0.394153,0.41915,0,0.023485
952,Mysterio,Mysterio,4,0.394153,0.41915,0,0.023485
1011,Overdrive,Overdrive,4,0.394153,0.41915,0,0.023485
1014,Owl,Owl,4,0.394153,0.41915,0,0.023485
1122,Rhino,Rhino,4,0.394153,0.41915,0,0.023485
1177,Scorpia,Scorpia,4,0.394153,0.41915,0,0.023485
1208,Shriek,Shriek,4,0.394153,0.41915,0,0.023485
1266,Spot,Spot,4,0.394153,0.41915,0,0.023485
1300,Swarm,Swarm,4,0.394153,0.41915,0,0.023485
1431,Vulture,Vulture,4,0.394153,0.41915,0,0.023485
114,Asp,Asp,4,0.390686,0.413135,0,0.01311
171,Black Racer,Black Racer,4,0.390686,0.413135,0,0.01311
302,Copperhead,Copperhead,4,0.390686,0.413135,0,0.01311
51,Ai Apaec,Ai Apaec,3,0.387876,0.407616,0,0.020778
69,American Son,American Son,3,0.387876,0.407616,0,0.020778
356,Deidre Wentworth,Deidre Wentworth,3,0.387876,0.407616,0,0.020778
812,MacDonald Gargan,MacDonald Gargan,3,0.387876,0.407616,0,0.020778
1093,Ragnarok,Ragnarok,3,0.387876,0.407616,0,0.020778
1358,Tomi Shishido,Tomi Shishido,3,0.387876,0.407616,0,0.020778
1365,Toxie Doxie,Toxie Doxie,3,0.387876,0.407616,0,0.020778
1375,Trickshot,Trickshot,3,0.387876,0.407616,0,0.020778
113,Asmodeus,Asmodeus,4,0.387776,0.408278,0,0.007202
146,Beelzeboul,Beelzeboul,4,0.387776,0.408278,0,0.007202
148,Belasco,Belasco,4,0.387776,0.408278,0,0.007202
389,Dormammu,Dormammu,4,0.387776,0.408278,0,0.007202
805,Lucifer Lightbringer,Lucifer Lightbringer,4,0.387776,0.408278,0,0.007202
860,Marduk Kurios,Marduk Kurios,4,0.387776,0.408278,0,0.007202
893,Mephisto,Mephisto,4,0.387776,0.408278,0,0.007202
998,Olivier,Olivier,4,0.387776,0.408278,0,0.007202
1044,Pluto,Pluto,4,0.387776,0.408278,0,0.007202
1338,Thog the Nether-Spawn,Thog the Nether-Spawn,4,0.387776,0.408278,0,0.007202
1389,Umar the Unrelenting,Umar the Unrelenting,4,0.387776,0.408278,0,0.007202
145,Beef,Beef,3,0.385401,0.404194,0,0.024321
156,Bevatron,Bevatron,3,0.385401,0.404194,0,0.024321
250,Catseye,Catseye,3,0.385401,0.404194,0,0.024321
683,Jetstream,Jetstream,3,0.385401,0.404194,0,0.024321
1146,Roulette,Roulette,3,0.385401,0.404194,0,0.024321
1313,Tarot,Tarot,3,0.385401,0.404194,0,0.024321
763,Layla Miller,Layla Miller,4,0.383249,0.403642,0,0.022284
1040,Pip the Troll,Pip the Troll,4,0.383249,0.403642,0,0.022284
1347,Tier Sinclair,Tier Sinclair,4,0.383249,0.403642,0,0.022284
584,Harrison Snow,Harrison Snow,3,0.378731,0.394812,0,0.013
45,Agent Venom,Agent Venom,3,0.376559,0.392274,0,0.005624
764,Leader,Leader,3,0.376559,0.392274,0,0.005624
896,Mercy,Mercy,3,0.376559,0.392274,0,0.005624
924,Mondo,Mondo,4,0.374226,0.39426,0,0.020878
279,Claudette St. Croix,Claudette St. Croix,4,0.374226,0.39426,0,0.020734
519,Gaia,Gaia,4,0.374226,0.39426,0,0.020734
971,Nicole St. Croix,Nicole St. Croix,4,0.374226,0.39426,0,0.020734
1232,Skin,Skin,4,0.374226,0.39426,0,0.020734
1304,Synch,Synch,4,0.374226,0.39426,0,0.020734
160,Binary,Binary,4,0.370916,0.390618,0,0.015452
238,Captain Kalyx,Captain Kalyx,4,0.370916,0.390618,0,0.015452
255,Ch'od,Ch'od,4,0.370916,0.390618,0,0.015452
308,Corsair,Corsair,4,0.370916,0.390618,0,0.015452
311,Cr'reee,Cr'reee,4,0.370916,0.390618,0,0.015452
711,K-Zzat,K-Zzat,4,0.370916,0.390618,0,0.015452
728,Keeyah,Keeyah,4,0.370916,0.390618,0,0.015452
748,Korvus,Korvus,4,0.370916,0.390618,0,0.015452
774,Lilandra Nermani,Lilandra Nermani,4,0.370916,0.390618,0,0.015452
1099,Raza Longknife,Raza Longknife,4,0.370916,0.390618,0,0.015452
1210,Sikorsky,Sikorsky,4,0.370916,0.390618,0,0.015452
1357,Tolo Hawk,Tolo Hawk,4,0.370916,0.390618,0,0.015452
1432,Waldo,Waldo,4,0.370916,0.390618,0,0.015452
746,Korg,Korg,3,0.369283,0.383554,0,0.009765
1202,She-Hulk (Lyra Walters),She-Hulk (Lyra Walters),3,0.369283,0.383554,0,0.009765
381,Doctor Spectrum,Doctor Spectrum,4,0.366861,0.381181,0,0.00406
1447,Warrior Woman,Warrior Woman,4,0.366861,0.381181,0,0.00406
74,Andrea Sterman,Andrea Sterman,4,0.366683,0.386038,0,0.00926
78,Angel (Thomas Halloway),Angel (Thomas Halloway),4,0.366683,0.386038,0,0.00926
274,Citizen V (Dallas Riordan),Citizen V (Dallas Riordan),4,0.366683,0.386038,0,0.00926
275,Citizen V (John Watkins III),Citizen V (John Watkins III),4,0.366683,0.386038,0,0.00926
276,"Citizen V (John Watkins, Jr)","Citizen V (John Watkins, Jr)",4,0.366683,0.386038,0,0.00926
277,Citizen V (John Watkins),Citizen V (John Watkins),4,0.366683,0.386038,0,0.00926
278,Citizen V (Paulette Brazee),Citizen V (Paulette Brazee),4,0.366683,0.386038,0,0.00926
408,Dr. Sam Sabuki,Dr. Sam Sabuki,4,0.366683,0.386038,0,0.00926
425,Eamonn,Eamonn,4,0.366683,0.386038,0,0.00926
508,Fred Davis Jr,Fred Davis Jr,4,0.366683,0.386038,0,0.00926
552,Golden Girl,Golden Girl,4,0.366683,0.386038,0,0.00926
553,Golden Sun,Golden Sun,4,0.366683,0.386038,0,0.00926
554,Goldfire,Goldfire,4,0.366683,0.386038,0,0.00926
618,Human Top,Human Top,4,0.366683,0.386038,0,0.00926
642,Irene Martinez,Irene Martinez,4,0.366683,0.386038,0,0.00926
651,Isadora Martinez,Isadora Martinez,4,0.366683,0.386038,0,0.00926
990,Nukio,Nukio,4,0.366683,0.386038,0,0.00926
1036,Piers,Piers,4,0.366683,0.386038,0,0.00926
1101,Rebel Ralston,Rebel Ralston,4,0.366683,0.386038,0,0.00926
1362,Topspin,Topspin,4,0.366683,0.386038,0,0.00926
1429,Vradec,Vradec,4,0.366683,0.386038,0,0.00926
1441,Warbeck,Warbeck,4,0.366683,0.386038,0,0.00926
1310,Tana Nile,Tana Nile,4,0.365706,0.379801,0,0.005212
100,Archimedes,Archimedes,3,0.364031,0.378587,0,0.003488
521,Galileo,Galileo,3,0.364031,0.378587,0,0.003488
632,Imhotep,Imhotep,3,0.364031,0.378587,0,0.003488
654,Jabir ibn Hayyan,Jabir ibn Hayyan,3,0.364031,0.378587,0,0.003488
767,Leonardo da Vinci,Leonardo da Vinci,3,0.364031,0.378587,0,0.003488
797,Lorenzo,Lorenzo,3,0.364031,0.378587,0,0.003488
900,Michaelangelo Simoni (The Forever Man),Michaelangelo Simoni (The Forever Man),3,0.364031,0.378587,0,0.003488
977,Nikola Tesla (Night Machine),Nikola Tesla (Night Machine),3,0.364031,0.378587,0,0.003488
986,Nostradamus,Nostradamus,3,0.364031,0.378587,0,0.003488
1037,Pietro,Pietro,3,0.364031,0.378587,0,0.003488
1226,Sir Isaac Newton,Sir Isaac Newton,3,0.364031,0.378587,0,0.003488
58,Aldrif Odinsdottir,Aldrif Odinsdottir,4,0.360382,0.374503,0,0.00598
130,Balder Odinson,Balder Odinson,4,0.360382,0.374503,0,0.00598
206,Bor Burison,Bor Burison,4,0.360382,0.374503,0,0.00598
225,Buri,Buri,4,0.360382,0.374503,0,0.00598
512,Freyja Freyrdottir,Freyja Freyrdottir,4,0.360382,0.374503,0,0.00598
595,Heimdall,Heimdall,4,0.360382,0.374503,0,0.00598
994,Odin Borson,Odin Borson,4,0.360382,0.374503,0,0.00598
1384,Tyr Odinson,Tyr Odinson,4,0.360382,0.374503,0,0.00598
1406,Ve,Ve,4,0.360382,0.374503,0,0.00598
1421,Vili,Vili,4,0.360382,0.374503,0,0.00598
372,Disco Devil,Disco Devil,4,0.35799,0.371854,0,0.007005
516,Gadget,Gadget,4,0.35799,0.371854,0,0.007005
523,Gamecock,Gamecock,4,0.35799,0.371854,0,0.007005
679,Jennie Royce,Jennie Royce,4,0.35799,0.371854,0,0.007005
680,Jeryn Hogarth,Jeryn Hogarth,4,0.35799,0.371854,0,0.007005
729,Keith Augustin,Keith Augustin,4,0.35799,0.371854,0,0.007005
777,Little Ben Donovan,Little Ben Donovan,4,0.35799,0.371854,0,0.007005
853,Mangler,Mangler,4,0.35799,0.371854,0,0.007005
867,Marta Cardona,Marta Cardona,4,0.35799,0.371854,0,0.007005
1187,Senor Magico,Senor Magico,4,0.35799,0.371854,0,0.007005
8,Adora,Adora,4,0.356805,0.374669,0,0.005189
342,David Green,David Green,4,0.356805,0.374669,0,0.005189
462,Eve Bakian,Eve Bakian,4,0.356805,0.374669,0,0.005189
503,Fraktur,Fraktur,4,0.356805,0.374669,0,0.005189
511,Freya Shane,Freya Shane,4,0.356805,0.374669,0,0.005189
532,Garthan Saal,Garthan Saal,4,0.356805,0.374669,0,0.005189
572,Grot,Grot,4,0.356805,0.374669,0,0.005189
641,Irani Rael,Irani Rael,4,0.356805,0.374669,0,0.005189
703,Josh Atwater,Josh Atwater,4,0.356805,0.374669,0,0.005189
712,K'thol,K'thol,4,0.356805,0.374669,0,0.005189
751,Kyle Dyne,Kyle Dyne,4,0.356805,0.374669,0,0.005189
775,Lindy Nolan,Lindy Nolan,4,0.356805,0.374669,0,0.005189
803,Lucas Maats,Lucas Maats,4,0.356805,0.374669,0,0.005189
841,Malik Tarcel,Malik Tarcel,4,0.356805,0.374669,0,0.005189
879,Matu,Matu,4,0.356805,0.374669,0,0.005189
939,Morrow,Morrow,4,0.356805,0.374669,0,0.005189
1052,Powerhouse,Powerhouse,4,0.356805,0.374669,0,0.005189
1075,Pyo,Pyo,4,0.356805,0.374669,0,0.005189
1080,Qubit,Qubit,4,0.356805,0.374669,0,0.005189
1123,Rhomann Dey,Rhomann Dey,4,0.356805,0.374669,0,0.005189
1134,Robert Rider,Robert Rider,4,0.356805,0.374669,0,0.005189
1158,Samaya,Samaya,4,0.356805,0.374669,0,0.005189
1287,Suki Yumiko,Suki Yumiko,4,0.356805,0.374669,0,0.005189
1311,Tanak Valt,Tanak Valt,4,0.356805,0.374669,0,0.005189
1314,Tas'Wzta,Tas'Wzta,4,0.356805,0.374669,0,0.005189
1364,Torthar,Torthar,4,0.356805,0.374669,0,0.005189
1369,Tre Owens,Tre Owens,4,0.356805,0.374669,0,0.005189
1504,Zan Philo,Zan Philo,4,0.356805,0.374669,0,0.005189
1510,Zyziwc Tiel,Zyziwc Tiel,4,0.356805,0.374669,0,0.005189
1055,Praxagora,Praxagora,4,0.354377,0.365728,0,0.002855
1143,Ronan the Accuser,Ronan the Accuser,4,0.354377,0.365728,0,0.002855
1309,Talos,Talos,4,0.354377,0.365728,0,0.002855